/*
 Navicat Premium Dump SQL

 Source Server         : local
 Source Server Type    : MySQL
 Source Server Version : 80030 (8.0.30)
 Source Host           : localhost:3306
 Source Schema         : kumbiaphp

 Target Server Type    : MySQL
 Target Server Version : 80030 (8.0.30)
 File Encoding         : 65001

 Date: 22/01/2025 06:54:53
*/

SET NAMES utf8mb4;
SET FOREIGN_KEY_CHECKS = 0;

-- ----------------------------
-- Table structure for acceso
-- ----------------------------
DROP TABLE IF EXISTS `acceso`;
CREATE TABLE `acceso`  (
  `id` int NOT NULL AUTO_INCREMENT COMMENT 'Identificador del acceso',
  `usuario_id` int NOT NULL COMMENT 'Identificador del usuario que accede',
  `tipo_acceso` int NOT NULL DEFAULT 1 COMMENT 'Tipo de acceso (entrata o salida)',
  `ip` varchar(45) CHARACTER SET utf8mb3 COLLATE utf8mb3_general_ci NULL DEFAULT NULL COMMENT 'Dirección IP del usuario que ingresa',
  `acceso_at` datetime NULL DEFAULT NULL COMMENT 'Fecha de registro del acceso',
  PRIMARY KEY (`id`) USING BTREE,
  INDEX `fk_acceso_usuario_idx`(`usuario_id` ASC) USING BTREE,
  CONSTRAINT `acceso_ibfk_1` FOREIGN KEY (`usuario_id`) REFERENCES `usuario` (`id`) ON DELETE RESTRICT ON UPDATE CASCADE
) ENGINE = InnoDB AUTO_INCREMENT = 180 CHARACTER SET = utf8mb3 COLLATE = utf8mb3_general_ci COMMENT = 'Tabla que registra los accesos de los usuarios al sistema' ROW_FORMAT = Dynamic;

-- ----------------------------
-- Records of acceso
-- ----------------------------
INSERT INTO `acceso` VALUES (1, 1, 2, '127.0.0.1', '2024-04-28 13:01:03');
INSERT INTO `acceso` VALUES (2, 2, 1, '127.0.0.1', '2024-04-28 13:03:15');
INSERT INTO `acceso` VALUES (3, 2, 2, '127.0.0.1', '2024-04-28 13:04:53');
INSERT INTO `acceso` VALUES (4, 2, 1, '127.0.0.1', '2024-04-28 13:04:57');
INSERT INTO `acceso` VALUES (5, 2, 2, '127.0.0.1', '2024-04-28 13:10:38');
INSERT INTO `acceso` VALUES (6, 1, 1, '127.0.0.1', '2024-04-28 13:38:01');
INSERT INTO `acceso` VALUES (7, 1, 2, '127.0.0.1', '2024-04-28 14:01:47');
INSERT INTO `acceso` VALUES (8, 1, 1, '127.0.0.1', '2024-04-28 14:36:58');
INSERT INTO `acceso` VALUES (9, 1, 2, '127.0.0.1', '2024-04-28 15:04:17');
INSERT INTO `acceso` VALUES (10, 2, 1, '127.0.0.1', '2024-04-28 15:04:24');
INSERT INTO `acceso` VALUES (11, 2, 2, '127.0.0.1', '2024-04-28 15:19:34');
INSERT INTO `acceso` VALUES (12, 1, 1, '127.0.0.1', '2024-04-28 17:43:24');
INSERT INTO `acceso` VALUES (13, 1, 2, '127.0.0.1', '2024-04-28 18:31:59');
INSERT INTO `acceso` VALUES (14, 1, 1, '127.0.0.1', '2024-04-28 18:46:35');
INSERT INTO `acceso` VALUES (15, 1, 2, '127.0.0.1', '2024-04-28 22:34:55');
INSERT INTO `acceso` VALUES (16, 1, 1, '127.0.0.1', '2024-04-28 22:35:12');
INSERT INTO `acceso` VALUES (17, 1, 2, '127.0.0.1', '2024-04-28 22:41:37');
INSERT INTO `acceso` VALUES (18, 1, 1, '127.0.0.1', '2024-04-28 22:44:45');
INSERT INTO `acceso` VALUES (19, 1, 2, '127.0.0.1', '2024-04-28 22:45:30');
INSERT INTO `acceso` VALUES (20, 1, 1, '127.0.0.1', '2024-04-28 22:46:13');
INSERT INTO `acceso` VALUES (21, 1, 2, '127.0.0.1', '2024-04-28 23:18:21');
INSERT INTO `acceso` VALUES (22, 2, 1, '127.0.0.1', '2024-04-28 23:18:26');
INSERT INTO `acceso` VALUES (23, 2, 2, '127.0.0.1', '2024-04-28 23:19:44');
INSERT INTO `acceso` VALUES (24, 1, 1, '127.0.0.1', '2024-04-28 23:19:51');
INSERT INTO `acceso` VALUES (25, 1, 2, '127.0.0.1', '2024-04-28 23:41:45');
INSERT INTO `acceso` VALUES (26, 1, 1, '127.0.0.1', '2024-04-28 23:42:02');
INSERT INTO `acceso` VALUES (27, 1, 2, '127.0.0.1', '2024-04-29 18:15:32');
INSERT INTO `acceso` VALUES (28, 1, 1, '127.0.0.1', '2024-04-29 22:03:52');
INSERT INTO `acceso` VALUES (29, 1, 2, '127.0.0.1', '2024-04-29 23:21:36');
INSERT INTO `acceso` VALUES (30, 1, 1, '127.0.0.1', '2024-04-29 23:24:24');
INSERT INTO `acceso` VALUES (31, 1, 2, '127.0.0.1', '2024-04-29 23:36:30');
INSERT INTO `acceso` VALUES (32, 2, 1, '127.0.0.1', '2024-04-29 23:36:34');
INSERT INTO `acceso` VALUES (33, 2, 1, '127.0.0.1', '2024-04-30 00:01:12');
INSERT INTO `acceso` VALUES (34, 1, 1, '127.0.0.1', '2024-06-07 18:44:46');
INSERT INTO `acceso` VALUES (35, 1, 2, '127.0.0.1', '2024-06-07 19:52:47');
INSERT INTO `acceso` VALUES (36, 1, 1, '127.0.0.1', '2024-06-07 20:42:56');
INSERT INTO `acceso` VALUES (37, 1, 2, '127.0.0.1', '2024-06-07 20:59:17');
INSERT INTO `acceso` VALUES (38, 1, 1, '127.0.0.1', '2024-06-07 21:00:21');
INSERT INTO `acceso` VALUES (39, 1, 2, '127.0.0.1', '2024-06-07 21:57:49');
INSERT INTO `acceso` VALUES (40, 1, 1, '127.0.0.1', '2024-06-08 10:40:29');
INSERT INTO `acceso` VALUES (41, 1, 2, '127.0.0.1', '2024-06-08 11:00:09');
INSERT INTO `acceso` VALUES (42, 1, 1, '127.0.0.1', '2024-06-08 11:00:21');
INSERT INTO `acceso` VALUES (43, 1, 2, '127.0.0.1', '2024-06-08 11:06:40');
INSERT INTO `acceso` VALUES (44, 1, 1, '127.0.0.1', '2024-06-08 11:14:17');
INSERT INTO `acceso` VALUES (45, 1, 2, '127.0.0.1', '2024-06-08 11:20:36');
INSERT INTO `acceso` VALUES (46, 1, 1, '127.0.0.1', '2024-06-08 11:25:02');
INSERT INTO `acceso` VALUES (47, 1, 2, '127.0.0.1', '2024-06-08 11:38:01');
INSERT INTO `acceso` VALUES (48, 1, 1, '127.0.0.1', '2024-06-08 12:25:28');
INSERT INTO `acceso` VALUES (49, 1, 2, '127.0.0.1', '2024-06-08 12:33:16');
INSERT INTO `acceso` VALUES (50, 1, 1, '127.0.0.1', '2024-06-08 12:36:23');
INSERT INTO `acceso` VALUES (51, 1, 2, '127.0.0.1', '2024-06-08 12:47:36');
INSERT INTO `acceso` VALUES (52, 1, 1, '127.0.0.1', '2024-06-08 12:48:58');
INSERT INTO `acceso` VALUES (53, 1, 2, '127.0.0.1', '2024-06-08 13:51:52');
INSERT INTO `acceso` VALUES (54, 1, 1, '127.0.0.1', '2024-06-08 13:55:55');
INSERT INTO `acceso` VALUES (55, 1, 2, '127.0.0.1', '2024-06-08 14:02:02');
INSERT INTO `acceso` VALUES (56, 1, 1, '127.0.0.1', '2024-06-08 14:04:58');
INSERT INTO `acceso` VALUES (57, 1, 2, '127.0.0.1', '2024-06-08 14:11:06');
INSERT INTO `acceso` VALUES (58, 1, 1, '127.0.0.1', '2024-06-08 14:11:13');
INSERT INTO `acceso` VALUES (59, 1, 2, '127.0.0.1', '2024-06-08 14:22:48');
INSERT INTO `acceso` VALUES (60, 1, 1, '127.0.0.1', '2024-06-08 14:30:33');
INSERT INTO `acceso` VALUES (61, 1, 2, '127.0.0.1', '2024-06-08 16:20:36');
INSERT INTO `acceso` VALUES (62, 1, 1, '127.0.0.1', '2024-06-08 16:27:06');
INSERT INTO `acceso` VALUES (63, 1, 1, '127.0.0.1', '2024-06-08 20:59:26');
INSERT INTO `acceso` VALUES (64, 1, 1, '127.0.0.1', '2024-06-08 21:12:52');
INSERT INTO `acceso` VALUES (65, 1, 1, '127.0.0.1', '2024-06-08 21:20:42');
INSERT INTO `acceso` VALUES (66, 2, 1, '127.0.0.1', '2024-06-08 21:30:24');
INSERT INTO `acceso` VALUES (67, 2, 2, '127.0.0.1', '2024-06-08 21:30:38');
INSERT INTO `acceso` VALUES (68, 1, 1, '127.0.0.1', '2024-06-08 21:30:55');
INSERT INTO `acceso` VALUES (69, 2, 1, '127.0.0.1', '2024-06-08 21:40:23');
INSERT INTO `acceso` VALUES (70, 2, 2, '127.0.0.1', '2024-06-10 17:12:28');
INSERT INTO `acceso` VALUES (71, 1, 1, '127.0.0.1', '2024-06-10 17:12:35');
INSERT INTO `acceso` VALUES (72, 1, 2, '127.0.0.1', '2024-06-10 18:32:26');
INSERT INTO `acceso` VALUES (73, 1, 2, '127.0.0.1', '2024-06-10 18:32:26');
INSERT INTO `acceso` VALUES (74, 1, 2, '127.0.0.1', '2024-06-10 18:36:02');
INSERT INTO `acceso` VALUES (75, 1, 2, '127.0.0.1', '2024-06-10 18:36:02');
INSERT INTO `acceso` VALUES (76, 1, 1, '127.0.0.1', '2024-06-10 18:36:22');
INSERT INTO `acceso` VALUES (77, 1, 1, '127.0.0.1', '2024-06-10 18:37:10');
INSERT INTO `acceso` VALUES (78, 1, 2, '127.0.0.1', '2024-06-10 18:37:23');
INSERT INTO `acceso` VALUES (79, 1, 2, '127.0.0.1', '2024-06-10 18:38:00');
INSERT INTO `acceso` VALUES (80, 1, 1, '127.0.0.1', '2024-06-10 18:39:35');
INSERT INTO `acceso` VALUES (81, 2, 1, '127.0.0.1', '2024-07-27 22:37:23');
INSERT INTO `acceso` VALUES (82, 2, 2, '127.0.0.1', '2024-07-31 22:14:13');
INSERT INTO `acceso` VALUES (83, 2, 1, '127.0.0.1', '2024-07-31 22:16:29');
INSERT INTO `acceso` VALUES (84, 2, 2, '127.0.0.1', '2024-07-31 22:17:43');
INSERT INTO `acceso` VALUES (85, 2, 1, '127.0.0.1', '2024-07-31 22:17:47');
INSERT INTO `acceso` VALUES (86, 2, 2, '127.0.0.1', '2024-07-31 22:18:53');
INSERT INTO `acceso` VALUES (87, 2, 1, '127.0.0.1', '2024-08-01 18:21:33');
INSERT INTO `acceso` VALUES (88, 2, 2, '127.0.0.1', '2024-08-01 18:22:09');
INSERT INTO `acceso` VALUES (89, 2, 1, '127.0.0.1', '2024-08-01 18:23:18');
INSERT INTO `acceso` VALUES (90, 2, 2, '127.0.0.1', '2024-08-01 19:03:18');
INSERT INTO `acceso` VALUES (91, 2, 1, '127.0.0.1', '2024-08-01 19:03:33');
INSERT INTO `acceso` VALUES (92, 2, 2, '127.0.0.1', '2024-08-04 14:41:09');
INSERT INTO `acceso` VALUES (93, 2, 1, '127.0.0.1', '2024-08-04 14:48:43');
INSERT INTO `acceso` VALUES (94, 2, 2, '127.0.0.1', '2024-08-04 14:54:29');
INSERT INTO `acceso` VALUES (95, 2, 1, '127.0.0.1', '2024-08-04 14:55:16');
INSERT INTO `acceso` VALUES (96, 2, 2, '127.0.0.1', '2024-08-04 15:13:35');
INSERT INTO `acceso` VALUES (97, 2, 1, '127.0.0.1', '2024-08-04 15:16:02');
INSERT INTO `acceso` VALUES (98, 2, 2, '127.0.0.1', '2024-08-04 15:48:05');
INSERT INTO `acceso` VALUES (99, 2, 1, '127.0.0.1', '2024-08-04 18:18:48');
INSERT INTO `acceso` VALUES (100, 2, 2, '127.0.0.1', '2024-08-04 19:24:56');
INSERT INTO `acceso` VALUES (101, 2, 1, '127.0.0.1', '2024-08-04 19:24:58');
INSERT INTO `acceso` VALUES (102, 2, 2, '127.0.0.1', '2024-08-04 19:42:01');
INSERT INTO `acceso` VALUES (103, 2, 1, '127.0.0.1', '2024-08-04 21:41:40');
INSERT INTO `acceso` VALUES (104, 2, 1, '127.0.0.1', '2024-08-05 18:05:05');
INSERT INTO `acceso` VALUES (105, 2, 2, '127.0.0.1', '2024-08-06 18:38:41');
INSERT INTO `acceso` VALUES (106, 2, 1, '127.0.0.1', '2024-08-06 18:38:43');
INSERT INTO `acceso` VALUES (107, 2, 2, '127.0.0.1', '2024-08-06 18:38:53');
INSERT INTO `acceso` VALUES (108, 2, 1, '127.0.0.1', '2024-08-06 18:38:58');
INSERT INTO `acceso` VALUES (109, 2, 2, '127.0.0.1', '2024-08-06 19:14:30');
INSERT INTO `acceso` VALUES (110, 2, 1, '127.0.0.1', '2024-08-07 21:08:04');
INSERT INTO `acceso` VALUES (111, 2, 2, '127.0.0.1', '2024-08-07 21:19:52');
INSERT INTO `acceso` VALUES (112, 1, 1, '127.0.0.1', '2024-08-07 21:21:22');
INSERT INTO `acceso` VALUES (113, 1, 2, '127.0.0.1', '2024-08-07 21:22:10');
INSERT INTO `acceso` VALUES (114, 1, 1, '127.0.0.1', '2024-08-07 21:22:13');
INSERT INTO `acceso` VALUES (115, 1, 2, '127.0.0.1', '2024-08-07 21:28:17');
INSERT INTO `acceso` VALUES (116, 1, 1, '127.0.0.1', '2024-08-07 21:31:12');
INSERT INTO `acceso` VALUES (117, 1, 2, '127.0.0.1', '2024-08-07 21:56:32');
INSERT INTO `acceso` VALUES (118, 1, 1, '127.0.0.1', '2024-08-07 21:57:16');
INSERT INTO `acceso` VALUES (119, 1, 2, '127.0.0.1', '2024-08-07 22:04:01');
INSERT INTO `acceso` VALUES (120, 1, 1, '127.0.0.1', '2024-08-07 22:04:56');
INSERT INTO `acceso` VALUES (121, 1, 2, '127.0.0.1', '2024-08-07 22:10:18');
INSERT INTO `acceso` VALUES (122, 1, 1, '127.0.0.1', '2024-08-07 22:10:48');
INSERT INTO `acceso` VALUES (123, 1, 2, '127.0.0.1', '2024-08-07 22:36:32');
INSERT INTO `acceso` VALUES (124, 1, 1, '127.0.0.1', '2024-08-10 13:53:40');
INSERT INTO `acceso` VALUES (125, 1, 2, '127.0.0.1', '2024-08-10 14:16:31');
INSERT INTO `acceso` VALUES (126, 1, 1, '127.0.0.1', '2024-08-10 15:29:58');
INSERT INTO `acceso` VALUES (127, 1, 2, '127.0.0.1', '2024-08-10 16:00:17');
INSERT INTO `acceso` VALUES (128, 1, 1, '127.0.0.1', '2024-08-10 16:59:59');
INSERT INTO `acceso` VALUES (129, 1, 2, '127.0.0.1', '2024-08-10 18:17:08');
INSERT INTO `acceso` VALUES (130, 1, 1, '127.0.0.1', '2024-08-10 18:34:12');
INSERT INTO `acceso` VALUES (131, 1, 2, '127.0.0.1', '2024-08-10 19:29:27');
INSERT INTO `acceso` VALUES (132, 1, 1, '127.0.0.1', '2024-08-10 19:31:02');
INSERT INTO `acceso` VALUES (133, 1, 2, '127.0.0.1', '2024-08-10 20:12:07');
INSERT INTO `acceso` VALUES (134, 1, 1, '127.0.0.1', '2024-08-10 20:36:00');
INSERT INTO `acceso` VALUES (135, 1, 2, '127.0.0.1', '2024-08-10 21:09:49');
INSERT INTO `acceso` VALUES (136, 1, 1, '127.0.0.1', '2024-08-10 23:04:59');
INSERT INTO `acceso` VALUES (137, 1, 2, '127.0.0.1', '2024-08-10 23:19:33');
INSERT INTO `acceso` VALUES (138, 1, 1, '127.0.0.1', '2024-08-10 23:21:04');
INSERT INTO `acceso` VALUES (139, 1, 2, '127.0.0.1', '2024-08-10 23:32:46');
INSERT INTO `acceso` VALUES (140, 1, 1, '127.0.0.1', '2024-08-11 10:50:51');
INSERT INTO `acceso` VALUES (141, 1, 2, '127.0.0.1', '2024-08-11 10:57:08');
INSERT INTO `acceso` VALUES (142, 1, 1, '127.0.0.1', '2024-08-11 11:08:37');
INSERT INTO `acceso` VALUES (143, 1, 2, '127.0.0.1', '2024-08-11 11:40:07');
INSERT INTO `acceso` VALUES (144, 1, 1, '127.0.0.1', '2024-08-11 11:42:20');
INSERT INTO `acceso` VALUES (145, 1, 2, '127.0.0.1', '2024-08-11 12:35:02');
INSERT INTO `acceso` VALUES (146, 1, 1, '127.0.0.1', '2024-08-11 12:40:21');
INSERT INTO `acceso` VALUES (147, 1, 2, '127.0.0.1', '2024-08-11 13:43:18');
INSERT INTO `acceso` VALUES (148, 2, 1, '127.0.0.1', '2024-08-11 13:43:22');
INSERT INTO `acceso` VALUES (149, 2, 2, '127.0.0.1', '2024-08-11 15:10:04');
INSERT INTO `acceso` VALUES (150, 2, 1, '127.0.0.1', '2024-08-11 15:46:03');
INSERT INTO `acceso` VALUES (151, 2, 2, '127.0.0.1', '2024-08-11 15:54:45');
INSERT INTO `acceso` VALUES (152, 2, 1, '127.0.0.1', '2024-08-11 16:53:41');
INSERT INTO `acceso` VALUES (153, 2, 2, '127.0.0.1', '2024-08-11 16:59:00');
INSERT INTO `acceso` VALUES (154, 2, 1, '127.0.0.1', '2024-08-11 17:01:00');
INSERT INTO `acceso` VALUES (155, 2, 2, '127.0.0.1', '2024-08-11 17:16:51');
INSERT INTO `acceso` VALUES (156, 2, 1, '127.0.0.1', '2024-08-11 17:43:17');
INSERT INTO `acceso` VALUES (157, 2, 2, '127.0.0.1', '2024-08-11 18:24:44');
INSERT INTO `acceso` VALUES (158, 1, 1, '127.0.0.1', '2024-08-11 18:33:05');
INSERT INTO `acceso` VALUES (159, 1, 2, '127.0.0.1', '2024-08-11 21:42:13');
INSERT INTO `acceso` VALUES (160, 1, 1, '127.0.0.1', '2024-08-11 21:42:21');
INSERT INTO `acceso` VALUES (161, 1, 2, '127.0.0.1', '2024-08-11 22:17:28');
INSERT INTO `acceso` VALUES (162, 1, 1, '127.0.0.1', '2024-08-12 18:40:26');
INSERT INTO `acceso` VALUES (163, 1, 2, '127.0.0.1', '2024-08-12 18:45:29');
INSERT INTO `acceso` VALUES (164, 1, 1, '127.0.0.1', '2024-08-12 21:35:21');
INSERT INTO `acceso` VALUES (165, 1, 2, '127.0.0.1', '2024-08-12 21:43:03');
INSERT INTO `acceso` VALUES (166, 1, 1, '127.0.0.1', '2024-08-30 21:38:46');
INSERT INTO `acceso` VALUES (167, 1, 2, '127.0.0.1', '2024-08-30 21:47:15');
INSERT INTO `acceso` VALUES (168, 1, 1, '127.0.0.1', '2024-08-31 08:45:30');
INSERT INTO `acceso` VALUES (169, 1, 2, '127.0.0.1', '2024-08-31 08:55:16');
INSERT INTO `acceso` VALUES (170, 2, 1, '127.0.0.1', '2024-11-22 23:24:24');
INSERT INTO `acceso` VALUES (171, 2, 1, '127.0.0.1', '2025-01-21 21:14:55');
INSERT INTO `acceso` VALUES (172, 2, 2, '127.0.0.1', '2025-01-21 21:33:14');
INSERT INTO `acceso` VALUES (173, 2, 1, '127.0.0.1', '2025-01-21 21:34:10');
INSERT INTO `acceso` VALUES (174, 2, 2, '127.0.0.1', '2025-01-21 21:40:01');
INSERT INTO `acceso` VALUES (175, 2, 1, '127.0.0.1', '2025-01-21 21:41:24');
INSERT INTO `acceso` VALUES (176, 2, 2, '127.0.0.1', '2025-01-21 21:51:07');
INSERT INTO `acceso` VALUES (177, 2, 1, '127.0.0.1', '2025-01-21 22:11:35');
INSERT INTO `acceso` VALUES (178, 2, 2, '127.0.0.1', '2025-01-21 22:31:48');
INSERT INTO `acceso` VALUES (179, 2, 1, '127.0.0.1', '2025-01-21 22:38:03');

-- ----------------------------
-- Table structure for area
-- ----------------------------
DROP TABLE IF EXISTS `area`;
CREATE TABLE `area`  (
  `id` int NOT NULL AUTO_INCREMENT,
  `nombre` varchar(255) CHARACTER SET utf8mb4 COLLATE utf8mb4_unicode_ci NOT NULL,
  `departamento_id` int NOT NULL,
  `created_at` timestamp NULL DEFAULT CURRENT_TIMESTAMP COMMENT 'Fecha de registro',
  `updated_at` timestamp NULL DEFAULT NULL ON UPDATE CURRENT_TIMESTAMP COMMENT 'Fecha de actualizacion',
  PRIMARY KEY (`id`) USING BTREE,
  INDEX `fk_area_departamento_idx`(`departamento_id` ASC) USING BTREE,
  CONSTRAINT `fk_area_departamento` FOREIGN KEY (`departamento_id`) REFERENCES `departamento` (`id`) ON DELETE CASCADE ON UPDATE CASCADE
) ENGINE = InnoDB AUTO_INCREMENT = 28 CHARACTER SET = utf8mb4 COLLATE = utf8mb4_unicode_ci ROW_FORMAT = DYNAMIC;

-- ----------------------------
-- Records of area
-- ----------------------------
INSERT INTO `area` VALUES (1, 'MEZCLAS', 1, '2023-09-16 11:55:05', '2023-09-16 12:04:43');
INSERT INTO `area` VALUES (2, 'SERVICIOS GENERALES', 2, '2023-09-16 12:01:02', '2023-09-16 12:01:02');
INSERT INTO `area` VALUES (3, 'ENVASADO', 1, '2023-09-16 12:01:19', '2023-09-16 12:04:54');
INSERT INTO `area` VALUES (4, 'MANTENIMIENTO', 3, '2023-09-16 12:01:41', '2023-09-16 12:01:41');
INSERT INTO `area` VALUES (5, 'ADMINISTRACION (CARACAS)', 4, '2023-09-16 12:02:48', '2023-09-16 12:02:48');
INSERT INTO `area` VALUES (7, 'ALMACEN DE MPP', 5, '2023-09-16 12:03:44', '2023-09-16 12:03:44');
INSERT INTO `area` VALUES (8, 'PRODUCCION', 1, '2023-09-16 12:04:30', '2023-09-16 12:04:30');
INSERT INTO `area` VALUES (9, 'ALMACEN Y DESPACHO', 6, '2023-09-16 12:10:08', '2023-09-16 12:10:08');
INSERT INTO `area` VALUES (10, 'DIRECCION', 1, '2023-09-16 12:10:54', '2023-09-16 12:10:54');
INSERT INTO `area` VALUES (11, 'ADMINISTRACION (OCUMARE)', 4, '2023-09-16 12:11:10', '2023-09-16 12:11:10');
INSERT INTO `area` VALUES (12, 'DIRECCION', 8, '2023-09-16 12:11:55', '2023-09-16 12:11:55');
INSERT INTO `area` VALUES (13, 'DIRECCION', 10, '2023-09-16 12:23:46', '2023-09-16 12:23:46');
INSERT INTO `area` VALUES (14, 'DIRECCION', 11, '2023-09-16 12:23:56', '2023-09-16 12:23:56');
INSERT INTO `area` VALUES (15, 'DIRECCION', 12, '2023-09-16 12:24:08', '2023-09-16 12:24:08');
INSERT INTO `area` VALUES (16, 'DIRECCION', 9, '2023-09-16 12:24:45', '2023-09-16 12:24:45');
INSERT INTO `area` VALUES (17, 'ALMACEN DE REPUESTOS', 13, '2023-09-16 12:25:20', '2023-09-16 12:25:20');
INSERT INTO `area` VALUES (18, 'DIRECCION', 11, '2023-09-16 12:25:41', '2023-09-16 12:25:41');
INSERT INTO `area` VALUES (19, 'ALMACEN Y DESPACHO', 13, '2023-09-16 12:28:57', '2023-09-16 12:28:57');
INSERT INTO `area` VALUES (20, 'CONTROL DE CALIDAD', 9, '2023-09-16 12:29:45', '2023-09-16 12:29:45');
INSERT INTO `area` VALUES (21, 'DIRECCION', 17, '2023-09-16 12:30:56', '2023-09-16 12:30:56');
INSERT INTO `area` VALUES (23, 'RECURSOS HUMANOS (OCUMARE)', 15, '2023-09-16 12:33:55', '2023-09-16 12:33:55');
INSERT INTO `area` VALUES (24, 'SEGURIDAD INTEGRAL', 16, '2023-09-16 12:34:16', '2023-09-16 12:34:16');
INSERT INTO `area` VALUES (25, 'TRANSPORTE', 6, '2023-09-16 12:35:22', '2023-09-16 12:35:22');
INSERT INTO `area` VALUES (26, 'VENTAS', 12, '2023-09-16 12:35:52', '2023-09-16 12:36:26');
INSERT INTO `area` VALUES (27, 'DIRECCION', 3, NULL, NULL);

-- ----------------------------
-- Table structure for cargo
-- ----------------------------
DROP TABLE IF EXISTS `cargo`;
CREATE TABLE `cargo`  (
  `id` int NOT NULL AUTO_INCREMENT,
  `nombre` varchar(255) CHARACTER SET utf8mb4 COLLATE utf8mb4_unicode_ci NOT NULL,
  `created_at` timestamp NULL DEFAULT CURRENT_TIMESTAMP COMMENT 'Fecha de registro',
  `updated_at` timestamp NULL DEFAULT NULL ON UPDATE CURRENT_TIMESTAMP COMMENT 'Fecha de actualizacion',
  PRIMARY KEY (`id`) USING BTREE
) ENGINE = InnoDB AUTO_INCREMENT = 41 CHARACTER SET = utf8mb4 COLLATE = utf8mb4_unicode_ci ROW_FORMAT = DYNAMIC;

-- ----------------------------
-- Records of cargo
-- ----------------------------
INSERT INTO `cargo` VALUES (1, 'OPERADOR DE REACTOR II', '2023-09-16 00:50:36', '2023-09-16 00:50:36');
INSERT INTO `cargo` VALUES (2, 'OPERADOR ESPECIALIZADO DE REACTOR', '2023-09-16 00:50:47', '2023-09-16 00:50:47');
INSERT INTO `cargo` VALUES (3, 'PINTOR', '2023-09-16 00:50:58', '2023-09-16 00:50:58');
INSERT INTO `cargo` VALUES (4, 'OPERADOR DE REACTOR I', '2023-09-16 00:51:09', '2023-09-16 00:51:09');
INSERT INTO `cargo` VALUES (5, 'OPERADOR DE ENVASADO', '2023-09-16 00:51:19', '2023-09-16 00:51:19');
INSERT INTO `cargo` VALUES (6, 'ELECTRICISTA', '2023-09-16 00:51:34', '2023-09-16 00:51:34');
INSERT INTO `cargo` VALUES (7, 'ASISTENTE ADMINISTRATIVO', '2023-09-16 00:51:44', '2023-09-16 00:51:44');
INSERT INTO `cargo` VALUES (8, 'AYUDANTE INTEGRAL', '2023-09-16 00:51:56', '2023-09-16 00:51:56');
INSERT INTO `cargo` VALUES (9, 'ADMINISTRADOR PLANTA', '2023-09-16 12:38:49', '2023-09-16 12:38:49');
INSERT INTO `cargo` VALUES (10, 'ALMACENISTA', '2023-09-16 12:39:03', '2023-09-16 12:39:03');
INSERT INTO `cargo` VALUES (11, 'ANALISTA ADMINISTRATIVO', '2023-09-16 12:40:05', '2023-09-16 12:40:05');
INSERT INTO `cargo` VALUES (12, 'ANALISTA DE CALIDAD', '2023-09-16 12:40:59', '2023-09-16 12:40:59');
INSERT INTO `cargo` VALUES (13, 'ANALISTA DE PRODUCCIÓN', '2023-09-16 12:41:19', '2023-09-16 12:41:19');
INSERT INTO `cargo` VALUES (14, 'ANALISTA DE R.R.H.H.', '2023-09-16 12:41:34', '2023-09-16 12:41:34');
INSERT INTO `cargo` VALUES (15, 'APRENDIZ INCE', '2023-09-16 12:41:49', '2023-09-16 12:41:49');
INSERT INTO `cargo` VALUES (16, 'ASESOR DE PROCESO DE MANUFACTURA', '2023-09-16 12:42:05', '2023-09-16 12:42:05');
INSERT INTO `cargo` VALUES (17, 'AYUDANTE ALMACEN', '2023-09-16 12:42:23', '2023-09-16 12:42:23');
INSERT INTO `cargo` VALUES (18, 'AYUDANTE DE  PRODUCCION', '2023-09-16 12:42:42', '2023-09-16 12:42:42');
INSERT INTO `cargo` VALUES (19, 'CHOFER', '2023-09-16 12:42:57', '2023-09-16 12:42:57');
INSERT INTO `cargo` VALUES (20, 'COORDINADOR DE MANTENIMIENTO', '2023-09-16 12:43:10', '2023-09-16 12:43:10');
INSERT INTO `cargo` VALUES (21, 'DIRECTIVO', '2023-09-16 12:43:22', '2023-09-16 12:43:22');
INSERT INTO `cargo` VALUES (23, 'ELECTROMECANICO', '2023-09-16 12:43:54', '2023-09-16 12:43:54');
INSERT INTO `cargo` VALUES (24, 'GERENTE DE DESARROLLO DE NUEVOS PRODUCTO', '2023-09-16 12:44:07', '2023-09-16 12:44:07');
INSERT INTO `cargo` VALUES (25, 'GERENTE DE IMPORTACIÓN Y EXPORTACIÓN', '2023-09-16 12:44:16', '2023-09-16 12:44:16');
INSERT INTO `cargo` VALUES (26, 'GERENTE DE MANTENIMIENTO', '2023-09-16 12:44:23', '2023-09-16 12:44:23');
INSERT INTO `cargo` VALUES (27, 'GERENTE DE PLANTA', '2023-09-16 12:44:31', '2023-09-16 12:44:31');
INSERT INTO `cargo` VALUES (28, 'GERENTE DE PRODUCCION', '2023-09-16 12:44:40', '2023-09-16 12:44:40');
INSERT INTO `cargo` VALUES (29, 'GERENTE DE VENTAS', '2023-09-16 12:44:47', '2023-09-16 12:44:47');
INSERT INTO `cargo` VALUES (30, 'GERENTE GENERAL', '2023-09-16 12:44:52', '2023-09-16 12:44:52');
INSERT INTO `cargo` VALUES (31, 'INSPECTOR DE CONTROL DE CALIDAD', '2023-09-16 12:44:59', '2023-09-16 12:44:59');
INSERT INTO `cargo` VALUES (32, 'JEFE CONTROL CALIDAD', '2023-09-16 12:45:14', '2023-09-16 12:45:14');
INSERT INTO `cargo` VALUES (33, 'JEFE DE ALMACEN M.P.', '2023-09-16 12:45:26', '2023-09-16 12:45:26');
INSERT INTO `cargo` VALUES (34, 'JEFE DE SEGURIDAD FISICA', '2023-09-16 12:45:34', '2023-09-16 12:45:34');
INSERT INTO `cargo` VALUES (35, 'JEFE DE TRANSPORTE', '2023-09-16 12:45:41', '2023-09-16 12:45:41');
INSERT INTO `cargo` VALUES (36, 'JEFE DPTO.TECNICO', '2023-09-16 12:45:50', '2023-09-16 12:45:50');
INSERT INTO `cargo` VALUES (37, 'MENSAJERO', '2023-09-16 12:45:58', '2023-09-16 12:45:58');
INSERT INTO `cargo` VALUES (38, 'MONTACARGUISTA', '2023-09-16 12:46:04', '2023-09-16 12:46:04');
INSERT INTO `cargo` VALUES (39, 'REPRESENTANTE  DE VENTAS', '2023-09-16 12:46:43', '2023-09-16 12:46:43');
INSERT INTO `cargo` VALUES (40, 'SUPERVISOR DE  PRODUCCION', '2023-09-16 12:47:03', '2023-09-16 12:47:03');

-- ----------------------------
-- Table structure for categoria
-- ----------------------------
DROP TABLE IF EXISTS `categoria`;
CREATE TABLE `categoria`  (
  `id` int NOT NULL AUTO_INCREMENT,
  `nombre` varchar(255) CHARACTER SET utf8mb4 COLLATE utf8mb4_unicode_ci NOT NULL,
  `created_at` timestamp NULL DEFAULT CURRENT_TIMESTAMP COMMENT 'Fecha de registro',
  `updated_at` timestamp NULL DEFAULT NULL ON UPDATE CURRENT_TIMESTAMP COMMENT 'Fecha de actualizacion',
  PRIMARY KEY (`id`) USING BTREE
) ENGINE = InnoDB AUTO_INCREMENT = 24 CHARACTER SET = utf8mb4 COLLATE = utf8mb4_unicode_ci ROW_FORMAT = DYNAMIC;

-- ----------------------------
-- Records of categoria
-- ----------------------------
INSERT INTO `categoria` VALUES (1, 'BATAS', '2023-09-16 13:27:32', '2023-09-16 13:27:32');
INSERT INTO `categoria` VALUES (2, 'BOTAS', '2023-09-16 13:27:40', '2023-09-16 13:27:40');
INSERT INTO `categoria` VALUES (3, 'BRAGAS', '2023-09-16 13:27:46', '2023-09-16 13:27:46');
INSERT INTO `categoria` VALUES (4, 'CAMISAS', '2023-09-16 13:27:59', '2023-09-16 13:27:59');
INSERT INTO `categoria` VALUES (5, 'CARETAS', '2023-09-16 13:28:06', '2023-09-16 13:28:06');
INSERT INTO `categoria` VALUES (6, 'CARTUCHOS', '2023-09-16 13:28:14', '2023-09-16 13:28:14');
INSERT INTO `categoria` VALUES (7, 'CASCOS', '2023-09-16 13:29:03', '2023-09-16 13:29:03');
INSERT INTO `categoria` VALUES (8, 'CHAQUETAS', '2023-09-16 13:29:13', '2023-09-16 13:29:13');
INSERT INTO `categoria` VALUES (9, 'CHEMISES', '2023-09-16 13:29:20', '2023-09-16 13:29:20');
INSERT INTO `categoria` VALUES (10, 'DELANTALES', '2023-09-16 13:29:30', '2023-09-16 13:29:30');
INSERT INTO `categoria` VALUES (11, 'FAJAS', '2023-09-16 13:29:35', '2023-09-16 13:29:35');
INSERT INTO `categoria` VALUES (12, 'FILTROS', '2023-09-16 13:29:43', '2023-09-16 13:29:43');
INSERT INTO `categoria` VALUES (13, 'FRANELAS', '2023-09-16 13:29:58', '2023-09-16 13:29:58');
INSERT INTO `categoria` VALUES (14, 'GUANTES', '2023-09-16 13:30:02', '2023-09-16 13:30:02');
INSERT INTO `categoria` VALUES (15, 'HIGIENE PERSONAL', '2023-09-16 13:30:08', '2023-09-16 13:30:08');
INSERT INTO `categoria` VALUES (16, 'LENTES', '2023-09-16 13:30:14', '2023-09-16 13:30:14');
INSERT INTO `categoria` VALUES (17, 'MASCARILLAS', '2023-09-16 13:30:19', '2023-09-16 13:30:19');
INSERT INTO `categoria` VALUES (18, 'PANTALONES', '2023-09-16 13:30:29', '2023-09-16 13:30:29');
INSERT INTO `categoria` VALUES (19, 'PROTECTORES', '2023-09-16 13:30:38', '2023-09-16 13:30:38');
INSERT INTO `categoria` VALUES (20, 'RESPIRADORES', '2023-09-16 13:30:48', '2023-09-16 13:30:48');
INSERT INTO `categoria` VALUES (21, 'RETENEDORES', '2023-09-16 13:30:56', '2023-09-16 13:30:56');
INSERT INTO `categoria` VALUES (22, 'TAPONES', '2023-09-16 13:31:05', '2023-09-16 13:31:05');
INSERT INTO `categoria` VALUES (23, 'BANDERAS', '2023-09-16 13:31:05', NULL);

-- ----------------------------
-- Table structure for departamento
-- ----------------------------
DROP TABLE IF EXISTS `departamento`;
CREATE TABLE `departamento`  (
  `id` int NOT NULL AUTO_INCREMENT,
  `nombre` varchar(255) CHARACTER SET utf8mb4 COLLATE utf8mb4_unicode_ci NOT NULL,
  `created_at` timestamp NULL DEFAULT CURRENT_TIMESTAMP COMMENT 'Fecha de registro',
  `updated_at` timestamp NULL DEFAULT NULL ON UPDATE CURRENT_TIMESTAMP COMMENT 'Fecha de actualizacion',
  PRIMARY KEY (`id`) USING BTREE
) ENGINE = InnoDB AUTO_INCREMENT = 19 CHARACTER SET = utf8mb4 COLLATE = utf8mb4_unicode_ci ROW_FORMAT = DYNAMIC;

-- ----------------------------
-- Records of departamento
-- ----------------------------
INSERT INTO `departamento` VALUES (1, 'PRODUCCION', '2023-09-16 01:14:42', '2023-09-16 01:14:42');
INSERT INTO `departamento` VALUES (2, 'SERVICIOS GENERALES', '2023-09-16 01:14:57', '2023-09-16 01:14:57');
INSERT INTO `departamento` VALUES (3, 'MANTENIMIENTO', '2023-09-16 01:15:07', '2023-09-16 01:15:07');
INSERT INTO `departamento` VALUES (4, 'ADMINISTRACION', '2023-09-16 01:15:21', '2023-09-16 12:02:14');
INSERT INTO `departamento` VALUES (5, 'ALMACEN DE MATERIA PRIMA', '2023-09-16 01:15:34', '2023-09-16 01:15:34');
INSERT INTO `departamento` VALUES (6, 'DESPACHO', '2023-09-16 01:15:43', '2023-09-16 01:15:43');
INSERT INTO `departamento` VALUES (8, 'MANO DE OBRA', '2023-09-16 01:16:04', '2023-09-16 01:16:04');
INSERT INTO `departamento` VALUES (9, 'CONTROL DE CALIDAD', '2023-09-16 01:16:17', '2023-09-16 01:16:17');
INSERT INTO `departamento` VALUES (10, 'IMPORTACIONES', '2023-09-16 01:16:25', '2023-09-16 01:16:25');
INSERT INTO `departamento` VALUES (11, 'GERENCIA DE PLANTA', '2023-09-16 01:16:33', '2023-09-16 01:16:33');
INSERT INTO `departamento` VALUES (12, 'VENTAS', '2023-09-16 01:16:43', '2023-09-16 01:16:43');
INSERT INTO `departamento` VALUES (13, 'ALMACEN GENERAL', '2023-09-16 01:17:05', '2023-09-16 12:15:38');
INSERT INTO `departamento` VALUES (15, 'RECURSOS HUMANOS', '2023-09-16 01:17:31', '2023-09-16 01:17:31');
INSERT INTO `departamento` VALUES (16, 'SEGURIDAD INTEGRAL', '2023-09-16 01:17:49', '2023-09-16 01:17:49');
INSERT INTO `departamento` VALUES (17, 'DIRECCION GENERAL', '2023-09-16 01:18:09', '2023-09-16 12:15:00');
INSERT INTO `departamento` VALUES (18, 'SEGURIDAD INDUSTRIAL', '2023-09-16 12:48:46', '2023-09-16 12:48:46');

-- ----------------------------
-- Table structure for empleado
-- ----------------------------
DROP TABLE IF EXISTS `empleado`;
CREATE TABLE `empleado`  (
  `id` int NOT NULL AUTO_INCREMENT,
  `codigo` varchar(50) CHARACTER SET utf8mb4 COLLATE utf8mb4_unicode_ci NOT NULL,
  `nombre` varchar(255) CHARACTER SET utf8mb4 COLLATE utf8mb4_unicode_ci NOT NULL,
  `apellido` varchar(255) CHARACTER SET utf8mb4 COLLATE utf8mb4_unicode_ci NULL DEFAULT NULL,
  `nombre_completo` varchar(255) CHARACTER SET utf8mb4 COLLATE utf8mb4_unicode_ci GENERATED ALWAYS AS (concat(`apellido`,_utf8mb4' ',`nombre`)) VIRTUAL NULL,
  `departamento_id` int NOT NULL,
  `area_id` int NOT NULL,
  `cargo_id` int NOT NULL,
  `nac` varchar(1) CHARACTER SET utf8mb4 COLLATE utf8mb4_unicode_ci NOT NULL DEFAULT 'V',
  `cedula` int NOT NULL,
  `f_ing` date NULL DEFAULT NULL,
  `f_nac` date NULL DEFAULT NULL,
  `sexo` varchar(1) CHARACTER SET utf8mb4 COLLATE utf8mb4_unicode_ci NOT NULL DEFAULT 'M',
  `created_at` timestamp NULL DEFAULT CURRENT_TIMESTAMP COMMENT 'Fecha de registro',
  `updated_at` timestamp NULL DEFAULT NULL ON UPDATE CURRENT_TIMESTAMP COMMENT 'Fecha de actualizacion',
  PRIMARY KEY (`id`) USING BTREE,
  INDEX `fk_empleado_departamento_idx`(`departamento_id` ASC) USING BTREE,
  INDEX `fk_empleado_cargo_idx`(`cargo_id` ASC) USING BTREE,
  INDEX `fk_empleado_area_idx`(`area_id` ASC) USING BTREE,
  CONSTRAINT `fk_empleado_area` FOREIGN KEY (`area_id`) REFERENCES `area` (`id`) ON DELETE CASCADE ON UPDATE CASCADE,
  CONSTRAINT `fk_empleado_cargo` FOREIGN KEY (`cargo_id`) REFERENCES `cargo` (`id`) ON DELETE CASCADE ON UPDATE CASCADE,
  CONSTRAINT `fk_empleado_departamento` FOREIGN KEY (`departamento_id`) REFERENCES `departamento` (`id`) ON DELETE CASCADE ON UPDATE CASCADE
) ENGINE = InnoDB AUTO_INCREMENT = 59 CHARACTER SET = utf8mb4 COLLATE = utf8mb4_unicode_ci ROW_FORMAT = DYNAMIC;

-- ----------------------------
-- Records of empleado
-- ----------------------------
INSERT INTO `empleado` VALUES (1, '30110', 'SOLEDAD', 'RIVAS', DEFAULT, 1, 1, 1, 'V', 14013798, '2000-01-17', '1976-08-15', 'M', '2023-09-16 20:21:51', NULL);
INSERT INTO `empleado` VALUES (2, '30114', 'ANGEL GREGORIO', 'GONZALEZ RIVAS', DEFAULT, 1, 1, 1, 'V', 13217087, '2003-09-08', '1973-03-12', 'M', '2023-09-16 20:21:51', NULL);
INSERT INTO `empleado` VALUES (3, '30116', 'LUQUE JOSE', 'HERRERA NAGUANAGUA', DEFAULT, 1, 1, 2, 'V', 13217891, '1993-08-11', '1974-10-08', 'M', '2023-09-16 20:21:51', NULL);
INSERT INTO `empleado` VALUES (4, '30126', 'JOSE GREGORIO', 'VIÑA FAGUNDEZ', DEFAULT, 1, 1, 2, 'V', 15224165, '1997-02-11', '1977-07-04', 'M', '2023-09-16 20:21:51', NULL);
INSERT INTO `empleado` VALUES (5, '30700', 'ANDRES DIOBELINO', 'SARMIENTO', DEFAULT, 2, 2, 3, 'V', 3631961, '1990-04-25', '1953-11-10', 'M', '2023-09-16 20:21:51', NULL);
INSERT INTO `empleado` VALUES (6, '30818', 'JOSE PASCUAL', 'TORREALBA ALVARADO', DEFAULT, 1, 1, 4, 'V', 17685676, '2011-11-17', '1978-12-25', 'M', '2023-09-16 20:21:51', NULL);
INSERT INTO `empleado` VALUES (7, '30907', 'DIONICIO', 'NARES CHACOA', DEFAULT, 1, 3, 5, 'V', 12613293, '2014-01-27', '1968-11-09', 'M', '2023-09-16 20:21:51', NULL);
INSERT INTO `empleado` VALUES (8, '30970', 'HECTOR JOSE', 'GONZALEZ ROJAS', DEFAULT, 3, 4, 6, 'V', 12821653, '2016-02-16', '1974-11-24', 'M', '2023-09-16 20:21:51', NULL);
INSERT INTO `empleado` VALUES (9, '31016', 'MIRLEN THAIS', 'BONIEL CASTRO', DEFAULT, 4, 5, 7, 'V', 5960532, '1995-09-12', '1959-11-19', 'F', '2023-09-16 20:21:51', NULL);
INSERT INTO `empleado` VALUES (10, '31077', 'DIONI JOSE', 'ORTUÑO FLORES', DEFAULT, 2, 2, 8, 'V', 15646927, '2019-10-29', '1981-10-11', 'M', '2023-09-16 20:21:51', NULL);
INSERT INTO `empleado` VALUES (11, '31079', 'JUAN JOSE', 'LAMON MUÑOZ', DEFAULT, 1, 3, 18, 'V', 13834390, '2020-02-03', '1977-12-11', 'M', '2023-09-16 20:21:51', NULL);
INSERT INTO `empleado` VALUES (12, '31083', 'YHIMY EDUARDO', 'PEREZ', DEFAULT, 2, 2, 8, 'V', 14838379, '2020-08-17', '1981-07-27', 'M', '2023-09-16 20:21:51', NULL);
INSERT INTO `empleado` VALUES (13, '31086', 'ABEL ERNESTO', 'LOPEZ ESPEJO', DEFAULT, 1, 1, 18, 'V', 13457556, '2021-02-17', '1978-06-16', 'M', '2023-09-16 20:21:51', NULL);
INSERT INTO `empleado` VALUES (14, '31095', 'JOSE ANTONIO', 'DIAZ BAEZ', DEFAULT, 1, 3, 8, 'V', 13218943, '2022-02-14', '1976-11-19', 'M', '2023-09-16 20:21:51', NULL);
INSERT INTO `empleado` VALUES (15, '31096', 'DARWIN MIGUEL', 'RODRIGUEZ CISNEROS', DEFAULT, 5, 7, 17, 'V', 14326870, '2022-03-02', '1980-09-29', 'M', '2023-09-16 20:21:51', NULL);
INSERT INTO `empleado` VALUES (16, '31099', 'ANTHONY JESUS', 'DIAZ RIERA', DEFAULT, 5, 7, 8, 'V', 27771829, '2022-06-15', '2000-10-27', 'M', '2023-09-16 20:21:51', NULL);
INSERT INTO `empleado` VALUES (17, '31100', 'CARLOS ENRIQUE', 'BLANCO PEREZ', DEFAULT, 1, 3, 8, 'V', 14327265, '2022-07-19', '1975-10-04', 'M', '2023-09-16 20:21:51', NULL);
INSERT INTO `empleado` VALUES (18, '31102', 'PEDRO MIGUEL', 'ROJAS QUINTERO', DEFAULT, 1, 10, 8, 'V', 26794482, '2022-08-01', '1997-04-08', 'M', '2023-09-16 20:21:51', NULL);
INSERT INTO `empleado` VALUES (19, '31104', 'EBER OTNIEL', 'MARTINEZ PEREZ', DEFAULT, 6, 9, 38, 'V', 18388951, '2022-09-26', '1985-02-24', 'M', '2023-09-16 20:21:51', NULL);
INSERT INTO `empleado` VALUES (20, '31107', 'MIRLENY JOSEFINA', 'PIÑERO APARICIO', DEFAULT, 2, 2, 8, 'V', 15091383, '2023-03-20', '1980-05-12', 'F', '2023-09-16 20:21:51', NULL);
INSERT INTO `empleado` VALUES (21, '31109', 'OSCAR EFRAIN', 'COLMENARES AGUIN', DEFAULT, 2, 2, 8, 'V', 18906738, '2023-08-16', '1984-12-18', 'M', '2023-09-16 20:21:51', NULL);
INSERT INTO `empleado` VALUES (22, '34003', 'JOSE RAFAEL', 'ROMERO PALENCIA', DEFAULT, 1, 10, 16, 'V', 10073048, '1992-01-27', '1966-09-09', 'M', '2023-09-16 20:21:51', NULL);
INSERT INTO `empleado` VALUES (23, '34018', 'JOSE TARCISIO', 'RUIZ REVERON', DEFAULT, 8, 12, 36, 'V', 4419582, '1992-02-03', '1956-04-21', 'M', '2023-09-16 20:21:51', NULL);
INSERT INTO `empleado` VALUES (24, '34012', 'MIRTA YANIRA', 'OCHOA PRISQUEZ', DEFAULT, 4, 11, 9, 'V', 6024593, '1996-02-11', '1962-01-22', 'F', '2023-09-16 20:21:51', '2023-09-16 20:21:51');
INSERT INTO `empleado` VALUES (25, '34046', 'RAFAEL SIMON', 'MIERES SANTANA', DEFAULT, 9, 16, 24, 'V', 8615655, '2001-03-01', '1955-10-25', 'M', '2023-09-16 20:21:51', NULL);
INSERT INTO `empleado` VALUES (26, '34087', 'YELITZA NATALIA', 'CASTILLEJO CERMEÑO', DEFAULT, 10, 13, 25, 'V', 14287335, '2008-04-07', '1980-11-30', 'F', '2023-09-16 20:21:51', NULL);
INSERT INTO `empleado` VALUES (27, '34098', 'LUIS ROLANDO', 'TAPPI RODRIGUEZ', DEFAULT, 11, 18, 30, 'V', 8392907, '2009-01-15', '1962-02-22', 'M', '2023-09-16 20:21:51', NULL);
INSERT INTO `empleado` VALUES (28, '34121', 'FRANKLIM ANTONIO', 'FLORES', DEFAULT, 12, 15, 29, 'V', 12032974, '2011-01-10', '1972-12-23', 'M', '2023-09-16 20:21:51', NULL);
INSERT INTO `empleado` VALUES (29, '34124', 'JOSE RAFAEL', 'EGAÑEZ FIGUERA', DEFAULT, 13, 17, 10, 'V', 21407644, '2011-02-14', '1991-05-08', 'M', '2023-09-16 20:21:51', NULL);
INSERT INTO `empleado` VALUES (30, '34135', 'HENRY WILLIAMS', 'MORENO GONZALEZ', DEFAULT, 11, 14, 27, 'V', 12166749, '2012-01-25', '1973-10-20', 'M', '2023-09-16 20:21:51', NULL);
INSERT INTO `empleado` VALUES (31, '34162', 'JUAN ANGEL', 'TRAVIEZO LOPEZ', DEFAULT, 4, 5, 37, 'V', 18493797, '2013-07-01', '1988-01-03', 'M', '2023-09-16 20:21:51', NULL);
INSERT INTO `empleado` VALUES (32, '34214', 'YHOVANY JOSE', 'CENTENO RODRIGUEZ', DEFAULT, 13, 19, 33, 'V', 14097715, '2016-09-01', '1979-12-21', 'M', '2023-09-16 20:21:51', NULL);
INSERT INTO `empleado` VALUES (33, '34219', 'LUIS RUBEN', 'MORALES', DEFAULT, 1, 3, 40, 'V', 12302398, '2017-03-14', '1974-10-09', 'M', '2023-09-16 20:21:51', NULL);
INSERT INTO `empleado` VALUES (34, '34220', 'HECTOR JOSE', 'ABREU OROPEZA', DEFAULT, 6, 25, 35, 'V', 6115742, '2017-03-21', '1963-02-25', 'M', '2023-09-16 20:21:51', NULL);
INSERT INTO `empleado` VALUES (35, '34229', 'GUSTAVO ADOLFO', 'HERRERA HICLE', DEFAULT, 9, 20, 32, 'V', 6849606, '2017-10-16', '1965-05-08', 'M', '2023-09-16 20:21:51', NULL);
INSERT INTO `empleado` VALUES (36, '34236', 'LILIANA', 'IZQUIEL MARTINEZ', DEFAULT, 15, 23, 14, 'V', 18841761, '2018-05-14', '1989-06-28', 'F', '2023-09-16 20:21:51', NULL);
INSERT INTO `empleado` VALUES (37, '34239', 'LILIWESKA DE JESUS', 'SUAREZ TORRES', DEFAULT, 9, 20, 12, 'V', 14013021, '2018-08-06', '1978-08-28', 'F', '2023-09-16 20:21:51', NULL);
INSERT INTO `empleado` VALUES (38, '34242', 'WILLBRY ALEJANDRO', 'BRICEÑO SOLORZANO', DEFAULT, 9, 20, 31, 'V', 13218598, '2019-05-20', '1977-12-22', 'M', '2023-09-16 20:21:51', NULL);
INSERT INTO `empleado` VALUES (39, '34245', 'VICTOR ARNALDO', 'MELENDEZ DIAZ', DEFAULT, 3, 27, 26, 'V', 15646598, '2019-08-01', '1983-01-22', 'M', '2023-09-16 20:21:51', NULL);
INSERT INTO `empleado` VALUES (40, '34249', 'CELIANA DEL CARMEN', 'FIGUEROA ROMERO', DEFAULT, 4, 5, 11, 'V', 13068856, '2019-10-07', '1978-03-01', 'F', '2023-09-16 20:21:51', NULL);
INSERT INTO `empleado` VALUES (41, '34256', 'DIRSO', 'MENESES CORREA', DEFAULT, 3, 4, 23, 'V', 22567773, '2020-08-24', '1994-06-23', 'M', '2023-09-16 20:21:51', NULL);
INSERT INTO `empleado` VALUES (42, '34257', 'CRISMAR VERIOZKA', 'CABRERA BARRADAS', DEFAULT, 9, 20, 12, 'V', 18759373, '2021-02-01', '1988-03-08', 'F', '2023-09-16 20:21:51', NULL);
INSERT INTO `empleado` VALUES (43, '34261', 'DANNY ARGENIS', 'MOLINA CARTALLA', DEFAULT, 3, 4, 20, 'V', 16936641, '2021-07-06', '1984-04-11', 'M', '2023-09-16 20:21:51', NULL);
INSERT INTO `empleado` VALUES (44, '34263', 'LUIS EDUARDO', 'KEY BRICEÑO', DEFAULT, 12, 15, 39, 'V', 16084603, '2021-08-02', '1983-02-22', 'M', '2023-09-16 20:21:51', NULL);
INSERT INTO `empleado` VALUES (45, '34265', 'ERISON ALBERTO', 'ABREU DIAZ', DEFAULT, 6, 25, 19, 'V', 15099454, '2021-10-13', '1978-09-19', 'M', '2023-09-16 20:21:51', NULL);
INSERT INTO `empleado` VALUES (46, '34266', 'ENGERBERTH JOSE', 'RAMOS RAMIREZ', DEFAULT, 1, 10, 28, 'V', 16028334, '2021-11-01', '1983-03-18', 'M', '2023-09-16 20:21:51', NULL);
INSERT INTO `empleado` VALUES (47, '34268', 'ALI ELEAZAR', 'RODRIGUEZ GIL', DEFAULT, 3, 4, 23, 'V', 12304161, '2021-11-15', '1975-07-13', 'M', '2023-09-16 20:21:51', NULL);
INSERT INTO `empleado` VALUES (48, '34270', 'LEONARDO JOSE', 'ACOSTA QUINTERO', DEFAULT, 3, 4, 23, 'V', 11835890, '2022-02-16', '1972-02-21', 'M', '2023-09-16 20:21:51', NULL);
INSERT INTO `empleado` VALUES (49, '34271', 'LUIS JOSE', 'GARCIA CANACHE', DEFAULT, 6, 25, 19, 'V', 16935819, '2022-03-02', '1984-01-23', 'M', '2023-09-16 20:21:51', NULL);
INSERT INTO `empleado` VALUES (50, '34273', 'JHONER ENRIQUE', 'OLIVO', DEFAULT, 1, 10, 13, 'V', 21408632, '2022-03-16', '1992-05-17', 'M', '2023-09-16 20:21:51', NULL);
INSERT INTO `empleado` VALUES (51, '34276', 'GRISEL DEL CARMEN', 'RAMIREZ ESPINOZA', DEFAULT, 12, 26, 11, 'V', 19453116, '2022-06-13', '1989-07-15', 'F', '2023-09-16 20:21:51', NULL);
INSERT INTO `empleado` VALUES (52, '34278', 'NEOMAR RAFAEL', 'ISTURIZ', DEFAULT, 6, 25, 19, 'V', 15890618, '2022-09-13', '1982-05-22', 'M', '2023-09-16 20:21:51', NULL);
INSERT INTO `empleado` VALUES (53, '34279', 'ENDER JOSE', 'CEDEÑO JAIMES', DEFAULT, 16, 24, 34, 'V', 15645863, '2022-09-14', '1981-04-03', 'M', '2023-09-16 20:21:51', NULL);
INSERT INTO `empleado` VALUES (54, '34280', 'JOSE BERNANDO', 'JIMENEZ GONZALEZ', DEFAULT, 3, 4, 23, 'V', 21605253, '2022-10-24', '1994-04-13', 'M', '2023-09-16 20:21:51', NULL);
INSERT INTO `empleado` VALUES (55, '34281', 'SANDRA FABIOLA', 'CASTRO BOLIVAR', DEFAULT, 4, 11, 11, 'V', 18729680, '2023-01-09', '1987-12-15', 'F', '2023-09-16 20:21:51', NULL);
INSERT INTO `empleado` VALUES (56, '34282', 'KRISNEY DEL VALLE', 'GIL JAIMES', DEFAULT, 4, 11, 15, 'V', 31062940, '2023-07-17', '2004-08-06', 'M', '2023-09-16 20:21:51', NULL);
INSERT INTO `empleado` VALUES (57, '39002', 'ADRIANO', 'TAVARES GARRIDO', DEFAULT, 17, 21, 21, 'V', 13748464, '1978-10-01', '1959-08-22', 'M', '2023-09-16 20:21:51', NULL);
INSERT INTO `empleado` VALUES (58, '39003', 'ANTONIO', 'MARQUES ALMEIDA', DEFAULT, 17, 21, 21, 'V', 6031621, '1978-10-01', '1958-04-19', 'M', '2023-09-16 20:21:51', NULL);

-- ----------------------------
-- Table structure for entrada
-- ----------------------------
DROP TABLE IF EXISTS `entrada`;
CREATE TABLE `entrada`  (
  `id` int NOT NULL AUTO_INCREMENT,
  `usuario_id` int NULL DEFAULT NULL,
  `costo_total` decimal(10, 2) NULL DEFAULT 0.00,
  `fecha` date NULL DEFAULT NULL,
  `dolar` decimal(10, 2) NULL DEFAULT NULL,
  `created_at` timestamp NULL DEFAULT CURRENT_TIMESTAMP COMMENT 'Fecha de registro',
  `updated_at` timestamp NULL DEFAULT NULL ON UPDATE CURRENT_TIMESTAMP COMMENT 'Fecha de actualizacion',
  PRIMARY KEY (`id`) USING BTREE,
  INDEX `fk_entrada_usuario_idx`(`usuario_id` ASC) USING BTREE,
  CONSTRAINT `fk_entrada_usuario` FOREIGN KEY (`usuario_id`) REFERENCES `usuario` (`id`) ON DELETE CASCADE ON UPDATE CASCADE
) ENGINE = InnoDB AUTO_INCREMENT = 1 CHARACTER SET = utf8mb4 COLLATE = utf8mb4_unicode_ci ROW_FORMAT = DYNAMIC;

-- ----------------------------
-- Records of entrada
-- ----------------------------

-- ----------------------------
-- Table structure for entrada_detalle
-- ----------------------------
DROP TABLE IF EXISTS `entrada_detalle`;
CREATE TABLE `entrada_detalle`  (
  `id` int NOT NULL AUTO_INCREMENT,
  `entrada_id` int NOT NULL,
  `producto_id` int NOT NULL,
  `cantidad` int NOT NULL,
  `costo` decimal(10, 2) NULL DEFAULT 0.00,
  `created_at` timestamp NULL DEFAULT CURRENT_TIMESTAMP COMMENT 'Fecha de registro',
  `updated_at` timestamp NULL DEFAULT NULL ON UPDATE CURRENT_TIMESTAMP COMMENT 'Fecha de actualizacion',
  PRIMARY KEY (`id`) USING BTREE,
  INDEX `fk_entrada_detalle_entrada_idx`(`entrada_id` ASC) USING BTREE,
  INDEX `fk_entrada_detalle_producto_idx`(`producto_id` ASC) USING BTREE,
  CONSTRAINT `fk_entrada_detalle_entrada` FOREIGN KEY (`entrada_id`) REFERENCES `entrada` (`id`) ON DELETE CASCADE ON UPDATE CASCADE,
  CONSTRAINT `fk_entrada_detalle_producto` FOREIGN KEY (`producto_id`) REFERENCES `producto` (`id`) ON DELETE CASCADE ON UPDATE CASCADE
) ENGINE = InnoDB AUTO_INCREMENT = 1 CHARACTER SET = utf8mb4 COLLATE = utf8mb4_unicode_ci ROW_FORMAT = DYNAMIC;

-- ----------------------------
-- Records of entrada_detalle
-- ----------------------------

-- ----------------------------
-- Table structure for menu
-- ----------------------------
DROP TABLE IF EXISTS `menu`;
CREATE TABLE `menu`  (
  `id` int NOT NULL AUTO_INCREMENT COMMENT 'Identificador del menu',
  `menu_id` int NULL DEFAULT NULL COMMENT 'Identificador del menu padre',
  `recurso_id` int NULL DEFAULT NULL COMMENT 'Identificador del recurso',
  `menu` varchar(45) CHARACTER SET utf8mb3 COLLATE utf8mb3_general_ci NOT NULL COMMENT 'Texto a mostrar del menu',
  `url` varchar(60) CHARACTER SET utf8mb3 COLLATE utf8mb3_general_ci NULL DEFAULT NULL COMMENT 'Url del menu',
  `posicion` int NULL DEFAULT 0 COMMENT 'Posision dentro de otros items',
  `icono` varchar(45) CHARACTER SET utf8mb3 COLLATE utf8mb3_general_ci NULL DEFAULT NULL COMMENT 'Icono a mostrar ',
  `activo` int NOT NULL DEFAULT 1 COMMENT 'Menu activo o inactivo',
  `visibilidad` int NOT NULL DEFAULT 1 COMMENT 'Indica si el menu se muestra en el backend o en el frontend',
  `custom` int NULL DEFAULT 1,
  PRIMARY KEY (`id`) USING BTREE,
  INDEX `fk_menu_recurso_idx`(`recurso_id` ASC) USING BTREE,
  INDEX `fk_menu_menu_idx`(`menu_id` ASC) USING BTREE,
  CONSTRAINT `fk_menu_menu` FOREIGN KEY (`menu_id`) REFERENCES `menu` (`id`) ON DELETE RESTRICT ON UPDATE CASCADE,
  CONSTRAINT `fk_menu_recurso` FOREIGN KEY (`recurso_id`) REFERENCES `recurso` (`id`) ON DELETE RESTRICT ON UPDATE CASCADE
) ENGINE = InnoDB AUTO_INCREMENT = 19 CHARACTER SET = utf8mb3 COLLATE = utf8mb3_general_ci COMMENT = 'Tabla que contiene los menús para los usuario' ROW_FORMAT = DYNAMIC;

-- ----------------------------
-- Records of menu
-- ----------------------------
INSERT INTO `menu` VALUES (1, NULL, NULL, 'Dashboard', '#', 10, 'fas fa-home', 1, 1, NULL);
INSERT INTO `menu` VALUES (2, 1, 2, 'Dashboard', '/dashboard/', 11, 'fas fa-home', 1, 1, NULL);
INSERT INTO `menu` VALUES (3, NULL, NULL, 'Sistema', '#', 900, 'fas fa-cogs', 1, 1, NULL);
INSERT INTO `menu` VALUES (4, 3, 4, 'Accesos', '/sistema/accesos/listar/', 901, 'fas fa-exchange', 1, 1, NULL);
INSERT INTO `menu` VALUES (5, 3, 5, 'Auditorías', '/sistema/auditorias/', 902, 'fas fa-eye', 1, 1, 0);
INSERT INTO `menu` VALUES (7, 3, 7, 'Mantenimiento', '/sistema/mantenimiento/', 904, 'fas fa-bolt', 2, 1, 0);
INSERT INTO `menu` VALUES (8, 3, 8, 'Menús', '/sistema/menus/listar/', 905, 'fas fa-list', 1, 1, NULL);
INSERT INTO `menu` VALUES (9, 3, 9, 'Perfiles', '/sistema/perfiles/listar/', 906, 'fas fa-users-cog', 1, 1, NULL);
INSERT INTO `menu` VALUES (10, 3, 10, 'Permisos', '/sistema/permisos/listar/', 907, 'fas fa-magic', 1, 1, NULL);
INSERT INTO `menu` VALUES (11, 3, 11, 'Recursos', '/sistema/recursos/listar/', 908, 'fas fa-lock', 1, 1, NULL);
INSERT INTO `menu` VALUES (12, 3, 12, 'Usuarios', '/sistema/usuarios/listar/', 909, 'fas fa-users', 1, 1, 1);
INSERT INTO `menu` VALUES (13, 3, 13, 'Visor de sucesos', '/sistema/sucesos/', 910, 'fas fa-filter', 1, 1, NULL);
INSERT INTO `menu` VALUES (14, 3, 14, 'Setup', '/sistema/configuracion/', 999, 'fas fa-wrench', 1, 1, NULL);
INSERT INTO `menu` VALUES (15, NULL, NULL, 'Admin', '#', 200, 'fas fa-filter', 1, 1, 0);
INSERT INTO `menu` VALUES (16, 15, 15, 'Productos', '/admin/productos/', 201, 'fas fa-archive', 1, 1, 0);

-- ----------------------------
-- Table structure for perfil
-- ----------------------------
DROP TABLE IF EXISTS `perfil`;
CREATE TABLE `perfil`  (
  `id` int NOT NULL AUTO_INCREMENT COMMENT 'Identificador del perfil',
  `perfil` varchar(45) CHARACTER SET utf8mb3 COLLATE utf8mb3_general_ci NOT NULL COMMENT 'Nombre del perfil',
  `estado` int NOT NULL DEFAULT 1 COMMENT 'Indica si el perfil esta activo o inactivo',
  `plantilla` varchar(45) CHARACTER SET utf8mb3 COLLATE utf8mb3_general_ci NULL DEFAULT 'coreui' COMMENT 'Plantilla para usar en el sitema',
  `created_at` timestamp NULL DEFAULT CURRENT_TIMESTAMP COMMENT 'Fecha de registro',
  `updated_at` timestamp NULL DEFAULT NULL ON UPDATE CURRENT_TIMESTAMP COMMENT 'Fecha de actualizacion',
  PRIMARY KEY (`id`) USING BTREE
) ENGINE = InnoDB AUTO_INCREMENT = 6 CHARACTER SET = utf8mb3 COLLATE = utf8mb3_general_ci COMMENT = 'Tabla que contiene los grupos de los usuario' ROW_FORMAT = DYNAMIC;

-- ----------------------------
-- Records of perfil
-- ----------------------------
INSERT INTO `perfil` VALUES (1, 'Super Usuario', 1, 'coreui', '2014-01-01 00:00:01', '2024-04-28 23:21:18');
INSERT INTO `perfil` VALUES (2, 'Administrador', 1, 'coreui', '2021-01-26 23:06:06', '2024-04-28 13:04:32');
INSERT INTO `perfil` VALUES (3, 'Usuario', 1, 'coreui', '2024-04-24 23:06:06', '2024-04-28 18:43:55');
INSERT INTO `perfil` VALUES (4, 'Otro', 1, 'coreui', '2024-08-11 19:22:53', '2024-08-11 19:23:29');
INSERT INTO `perfil` VALUES (5, 'Prueba', 1, 'coreui', '2024-08-31 08:46:32', '2024-08-31 08:46:32');

-- ----------------------------
-- Table structure for producto
-- ----------------------------
DROP TABLE IF EXISTS `producto`;
CREATE TABLE `producto`  (
  `id` int NOT NULL AUTO_INCREMENT,
  `codigo` varchar(255) CHARACTER SET utf8mb4 COLLATE utf8mb4_unicode_ci NOT NULL,
  `nombre` varchar(255) CHARACTER SET utf8mb4 COLLATE utf8mb4_unicode_ci NOT NULL,
  `categoria_id` int NOT NULL,
  `unidad_id` int NOT NULL,
  `descripcion` varchar(255) CHARACTER SET utf8mb4 COLLATE utf8mb4_unicode_ci NULL DEFAULT NULL,
  `existencia` int NOT NULL,
  `existencia_min` int UNSIGNED NOT NULL DEFAULT 1,
  `costo` decimal(10, 2) NULL DEFAULT 0.00,
  `created_at` timestamp NULL DEFAULT CURRENT_TIMESTAMP COMMENT 'Fecha de registro',
  `updated_at` timestamp NULL DEFAULT NULL ON UPDATE CURRENT_TIMESTAMP COMMENT 'Fecha de actualizacion',
  PRIMARY KEY (`id`) USING BTREE,
  INDEX `fk_producto_categoria_idx`(`categoria_id` ASC) USING BTREE,
  INDEX `fk_producto_unidad_idx`(`unidad_id` ASC) USING BTREE,
  CONSTRAINT `fk_producto_categoria` FOREIGN KEY (`categoria_id`) REFERENCES `categoria` (`id`) ON DELETE CASCADE ON UPDATE CASCADE,
  CONSTRAINT `fk_producto_unidad` FOREIGN KEY (`unidad_id`) REFERENCES `unidad` (`id`) ON DELETE CASCADE ON UPDATE CASCADE
) ENGINE = InnoDB AUTO_INCREMENT = 98 CHARACTER SET = utf8mb4 COLLATE = utf8mb4_unicode_ci ROW_FORMAT = DYNAMIC;

-- ----------------------------
-- Records of producto
-- ----------------------------
INSERT INTO `producto` VALUES (1, 'IS-08-01-02', 'GUANTES CARNAZA CORTO REFORZADO PALMAS', 14, 1, NULL, 13, 1, 10.50, '2023-09-25 15:24:58', '2024-02-27 16:18:25');
INSERT INTO `producto` VALUES (2, 'IS-08-01-04', 'GUANTES SOLDADOR 16\" REFORZADO PALMAS', 14, 1, '', 6, 1, 0.00, '2023-09-25 15:24:58', NULL);
INSERT INTO `producto` VALUES (3, 'IS-08-02-01', 'GUANTES ANTICORTES 73347/73349 MAXX-GRIP', 14, 1, NULL, 10, 1, 0.00, '2023-09-25 15:24:58', '2024-02-09 07:59:11');
INSERT INTO `producto` VALUES (4, 'IS-08-05-02', 'GUANTES DE NITRILO VERDE TALLA 8 1/2', 14, 1, NULL, 4, 1, 0.00, '2023-09-25 15:24:58', '2024-02-09 07:58:19');
INSERT INTO `producto` VALUES (5, 'IS-08-06-01', 'GUANTES DE NEOPRENO 14\" NEGRO', 14, 1, '', 7, 1, 0.00, '2023-09-25 15:24:58', NULL);
INSERT INTO `producto` VALUES (6, 'IS-08-06-02', 'GUANTES DE NEOPRENO 18\"', 14, 1, '', 2, 1, 0.00, '2023-09-25 15:24:58', NULL);
INSERT INTO `producto` VALUES (7, 'IS-10-01-35', 'BOTA DE SEGURIDAD N§35', 2, 1, NULL, 2, 1, 0.00, '2023-09-25 15:24:58', '2023-11-06 11:49:07');
INSERT INTO `producto` VALUES (8, 'IS-10-01-36', 'BOTA DE SEGURIDAD N§36', 2, 1, '', 0, 1, 0.00, '2023-09-25 15:24:58', '2023-09-29 09:55:31');
INSERT INTO `producto` VALUES (9, 'IS-10-01-37', 'BOTA DE SEGURIDAD N§37', 2, 1, NULL, 2, 1, 0.00, '2023-09-25 15:24:58', '2023-11-06 11:49:18');
INSERT INTO `producto` VALUES (10, 'IS-10-01-38', 'BOTA DE SEGURIDAD N§38', 2, 1, NULL, 3, 1, 0.00, '2023-09-25 15:24:58', '2023-11-06 11:49:29');
INSERT INTO `producto` VALUES (11, 'IS-10-01-39', 'BOTA DE SEGURIDAD N§39', 2, 1, NULL, 7, 1, 0.00, '2023-09-25 15:24:58', '2023-11-06 11:49:37');
INSERT INTO `producto` VALUES (12, 'IS-10-01-40', 'BOTA DE SEGURIDAD N§40', 2, 1, '', 8, 1, 0.00, '2023-09-25 15:24:58', '2024-02-09 08:00:26');
INSERT INTO `producto` VALUES (13, 'IS-10-01-41', 'BOTA DE SEGURIDAD N§41', 2, 1, '', 15, 1, 0.00, '2023-09-25 15:24:58', NULL);
INSERT INTO `producto` VALUES (14, 'IS-10-01-42', 'BOTA DE SEGURIDAD N§42', 2, 1, '', 8, 1, 0.00, '2023-09-25 15:24:58', '2024-02-09 07:30:42');
INSERT INTO `producto` VALUES (15, 'IS-10-01-43', 'BOTA DE SEGURIDAD N§43', 2, 1, NULL, 0, 1, 0.00, '2023-09-25 15:24:58', '2023-12-12 15:19:04');
INSERT INTO `producto` VALUES (16, 'IS-10-01-44', 'BOTA DE SEGURIDAD N§44', 2, 1, NULL, 3, 1, 0.00, '2023-09-25 15:24:58', '2024-02-09 07:14:07');
INSERT INTO `producto` VALUES (17, 'IS-10-01-45', 'BOTA DE SEGURIDAD N§45', 2, 1, '', 1, 1, 0.00, '2023-09-25 15:24:58', NULL);
INSERT INTO `producto` VALUES (18, 'IS-10-01-46', 'BOTA DE SEGURIDAD N§46', 2, 1, '', 0, 1, 0.00, '2023-09-25 15:24:58', '2023-12-13 07:17:22');
INSERT INTO `producto` VALUES (19, 'IS-06-04-06', 'CARTUCHO 3M VAPORES Y GASES 6003', 6, 2, NULL, 5, 1, 0.00, '2023-09-25 15:24:58', '2023-11-06 11:46:16');
INSERT INTO `producto` VALUES (20, 'IS-02-02-02', 'VIDRIO BLANCO PARA CARETA DE SOLDAR', 5, 3, '', 5, 1, 0.00, '2023-09-25 15:24:58', NULL);
INSERT INTO `producto` VALUES (21, 'IS-03-01-01', 'CARETA PARA SOLDAR', 5, 3, '', 0, 1, 0.00, '2023-09-25 15:24:58', NULL);
INSERT INTO `producto` VALUES (22, 'IS-03-02-01', 'CARETA PARA ESMERILAR PRO-LIFE PLASTICA', 5, 3, '', 2, 1, 0.00, '2023-09-25 15:24:58', NULL);
INSERT INTO `producto` VALUES (23, 'IS-03-04-01', 'LENTES DE SEGURIDAD ANTI-IMPACTO', 16, 3, NULL, 1, 1, 0.00, '2023-09-25 15:24:58', '2023-12-12 15:38:11');
INSERT INTO `producto` VALUES (24, 'IS-03-05-01', 'LENTES DE SEGURIDAD OXICORTE', 16, 3, NULL, 2, 1, 0.00, '2023-09-25 15:24:58', '2023-11-06 11:40:33');
INSERT INTO `producto` VALUES (25, 'IS-04-01-03', 'FAJA SOPORTE ESPALDA TALLA L', 11, 3, '', 1, 1, 0.00, '2023-09-25 15:24:58', NULL);
INSERT INTO `producto` VALUES (26, 'IS-04-01-04', 'FAJA FLEXIBLE - NEGRA TALLA S', 11, 3, '', 3, 1, 0.00, '2023-09-25 15:24:58', NULL);
INSERT INTO `producto` VALUES (27, 'IS-04-03-03', 'BANDERA DE SEGURIDAD', 23, 3, '', 2, 1, 0.00, '2023-09-25 15:24:58', NULL);
INSERT INTO `producto` VALUES (28, 'IS-05-01-01', 'PROTECTOR AUDITIVO T/{OREJERA} 1435', 19, 3, '', 2, 1, 0.00, '2023-09-25 15:24:58', NULL);
INSERT INTO `producto` VALUES (29, 'IS-05-02-01', 'TAPONES DE SILICONE PARA OIDOS', 22, 3, NULL, 16, 1, 0.00, '2023-09-25 15:24:58', '2023-11-06 11:41:43');
INSERT INTO `producto` VALUES (30, 'IS-06-01-03', 'RESPIRADOR MEDIA CARA SERIE 6-6200-S', 20, 3, NULL, 5, 1, 0.00, '2023-09-25 15:24:58', '2023-11-06 11:42:08');
INSERT INTO `producto` VALUES (31, 'IS-06-02-01', 'MASCARILLA 3M DESECHABLE P/POLVO NO.8210', 17, 3, '', 14, 1, 0.00, '2023-09-25 15:24:58', '2024-02-09 07:53:13');
INSERT INTO `producto` VALUES (32, 'IS-06-03-03', 'FILTRO 3M  5 N11 CONTRA PARTICULAS', 12, 3, NULL, 7, 1, 0.00, '2023-09-25 15:24:58', '2024-02-09 07:35:24');
INSERT INTO `producto` VALUES (33, 'IS-06-04-08', 'RETENEDOR PARA FILTRO 3M 501', 12, 3, NULL, 29, 1, 0.00, '2023-09-25 15:24:58', '2023-11-06 11:46:36');
INSERT INTO `producto` VALUES (34, 'IS-07-01-01', 'CASCO DE SEGURIDAD AZUL', 7, 3, '', 4, 1, 0.00, '2023-09-25 15:24:58', NULL);
INSERT INTO `producto` VALUES (35, 'IS-08-05-04', 'BRAGA TYVEK C/GORRO TALLA L', 3, 3, '', 0, 1, 0.00, '2023-09-25 15:24:58', '2024-02-09 07:50:38');
INSERT INTO `producto` VALUES (36, 'IS-09-01-01', 'DELANTAL DE CARNAZA P/SOLDADOR', 10, 3, '', 2, 1, 0.00, '2023-09-25 15:24:58', NULL);
INSERT INTO `producto` VALUES (37, 'IS-09-01-02', 'DELANTAL DE PVC', 10, 3, NULL, 10, 1, 0.00, '2023-09-25 15:24:58', '2023-11-06 11:48:45');
INSERT INTO `producto` VALUES (38, 'UT-01-01-40', 'CAMISA AZUL CELESTE M/C 40 (L)', 4, 3, '', 4, 1, 0.00, '2023-09-25 15:24:58', NULL);
INSERT INTO `producto` VALUES (39, 'UT-01-02-36', 'CAMISA AZUL MECANICO M/L TALLA 36', 4, 3, '', 6, 1, 0.00, '2023-09-25 15:24:58', NULL);
INSERT INTO `producto` VALUES (40, 'UT-01-02-38', 'CAMISA AZUL MECANICO M/L TALLA 38', 4, 3, NULL, 2, 1, 0.00, '2023-09-25 15:24:58', '2023-11-06 11:51:16');
INSERT INTO `producto` VALUES (41, 'UT-01-02-40', 'CAMISA AZUL MECANICO M/L TALLA 40', 4, 3, NULL, 5, 1, 0.00, '2023-09-25 15:24:58', '2023-11-06 11:51:31');
INSERT INTO `producto` VALUES (42, 'UT-01-02-42', 'CAMISA AZUL MECANICO M/L TALLA 42', 4, 3, '', 2, 1, 0.00, '2023-09-25 15:24:58', NULL);
INSERT INTO `producto` VALUES (43, 'UT-01-02-44', 'CAMISA AZUL MECANICO M/L TALLA 44', 4, 3, NULL, 1, 1, 0.00, '2023-09-25 15:24:58', '2023-11-06 11:51:43');
INSERT INTO `producto` VALUES (44, 'UT-01-02-46', 'CAMISA AZUL MECANICO M/L TALLA 46', 4, 3, NULL, 1, 1, 0.00, '2023-09-25 15:24:58', '2023-11-06 11:51:58');
INSERT INTO `producto` VALUES (45, 'UT-01-03-36', 'CAMISA AZUL MECANICO M/CORTA 36', 4, 3, '', 4, 1, 0.00, '2023-09-25 15:24:58', NULL);
INSERT INTO `producto` VALUES (46, 'UT-01-03-38', 'CAMISA AZUL MECANICO M/CORTA 38', 4, 3, NULL, 5, 1, 0.00, '2023-09-25 15:24:58', '2023-11-06 11:52:14');
INSERT INTO `producto` VALUES (47, 'UT-01-03-40', 'CAMISA AZUL MECANICO M/CORTA 40', 4, 3, NULL, 4, 1, 0.00, '2023-09-25 15:24:58', '2023-11-06 11:52:22');
INSERT INTO `producto` VALUES (48, 'UT-01-03-46', 'CAMISA AZUL MECANICO M/CORTA 46', 4, 3, '', 1, 1, 0.00, '2023-09-25 15:24:58', NULL);
INSERT INTO `producto` VALUES (49, 'UT-01-05-42', 'CAMISA COLUMBIA P/CABALLERO TALLA XL/42', 4, 3, '', 1, 1, 0.00, '2023-09-25 15:24:58', NULL);
INSERT INTO `producto` VALUES (50, 'UT-02-05-38', 'BATA BLANCA MANGA LARGA TALLA 38', 1, 3, '', 3, 1, 0.00, '2023-09-25 15:24:58', NULL);
INSERT INTO `producto` VALUES (51, 'UT-02-06-36', 'BATA DE LABORATORIO M/CORTA 36', 1, 3, NULL, 7, 1, 0.00, '2023-09-25 15:24:58', '2023-11-06 11:53:14');
INSERT INTO `producto` VALUES (52, 'UT-02-06-38', 'BATA DE LABORATORIO M/CORTA 38', 1, 3, '', 1, 1, 0.00, '2023-09-25 15:24:58', NULL);
INSERT INTO `producto` VALUES (53, 'UT-04-02-26', 'PANTALON JEAN AZUL CABALLERO TALLA 26', 18, 3, '', 4, 1, 0.00, '2023-09-25 15:24:58', NULL);
INSERT INTO `producto` VALUES (54, 'UT-04-02-28', 'PANTALON JEAN AZUL CABALLERO TALLA 28', 18, 3, NULL, 2, 1, 0.00, '2023-09-25 15:24:58', '2023-11-06 11:57:27');
INSERT INTO `producto` VALUES (55, 'UT-04-02-30', 'PANTALON JEAN AZUL CABALLERO TALLA 30', 18, 3, NULL, 0, 1, 0.00, '2023-09-25 15:24:58', '2023-11-06 11:58:13');
INSERT INTO `producto` VALUES (56, 'UT-04-02-32', 'PANTALON JEAN AZUL CABALLERO TALLA 32', 18, 3, NULL, 30, 1, 0.00, '2023-09-25 15:24:58', '2023-12-12 14:20:32');
INSERT INTO `producto` VALUES (57, 'UT-04-02-34', 'PANTALON JEAN AZUL CABALLERO TALLA 34', 18, 3, NULL, 1, 1, 0.00, '2023-09-25 15:24:58', '2023-11-06 11:57:50');
INSERT INTO `producto` VALUES (58, 'UT-04-02-36', 'PANTALON JEAN AZUL CABALLERO TALLA 36', 18, 3, NULL, 10, 1, 0.00, '2023-09-25 15:24:58', '2023-11-06 11:58:00');
INSERT INTO `producto` VALUES (59, 'UT-04-02-38', 'PANTALON JEAN AZUL CABALLERO TALLA 38', 18, 3, '', 2, 1, 0.00, '2023-09-25 15:24:58', NULL);
INSERT INTO `producto` VALUES (60, 'UT-04-02-40', 'PANTALON JEAN AZUL CABALLERO TALLA 40', 18, 3, NULL, 4, 1, 0.00, '2023-09-25 15:24:58', '2023-11-06 11:58:30');
INSERT INTO `producto` VALUES (61, 'UT-04-02-42', 'PANTALON JEAN AZUL CABALLERO TALLA 42', 18, 3, NULL, 1, 1, 0.00, '2023-09-25 15:24:58', '2023-11-06 11:58:40');
INSERT INTO `producto` VALUES (62, 'UT-04-02-46', 'PANTALON JEAN AZUL CABALLERO  TALLA 46', 18, 3, '', 2, 1, 0.00, '2023-09-25 15:24:58', NULL);
INSERT INTO `producto` VALUES (63, 'UT-04-02-47', 'PANTALON JEAN AZUL T-8 STRECH DAMA', 18, 3, '', 19, 1, 0.00, '2023-09-25 15:24:58', NULL);
INSERT INTO `producto` VALUES (64, 'UT-04-02-48', 'PANTALON JEAN AZUL T-10 STRECH DAMA', 18, 3, '', 10, 1, 0.00, '2023-09-25 15:24:58', NULL);
INSERT INTO `producto` VALUES (65, 'UT-04-02-49', 'PANTALON JEAN T-12 STRECH DAMA', 18, 3, NULL, 3, 1, 0.00, '2023-09-25 15:24:58', '2023-11-06 11:59:22');
INSERT INTO `producto` VALUES (66, 'UT-04-02-50', 'PANTALON JEAN T-14 STRECH DAMA', 18, 3, NULL, 17, 1, 0.00, '2023-09-25 15:24:58', '2023-11-06 11:59:33');
INSERT INTO `producto` VALUES (67, 'UT-04-02-51', 'PANTALON JEAN T-18 STRECH DAMA', 18, 3, '', 2, 1, 0.00, '2023-09-25 15:24:58', NULL);
INSERT INTO `producto` VALUES (68, 'UT-04-02-52', 'PANTALON JEAN T-16 STRECH DAMA', 18, 3, NULL, 8, 1, 0.00, '2023-09-25 15:24:58', '2023-11-06 11:59:48');
INSERT INTO `producto` VALUES (69, 'UT-04-02-54', 'PANTALON JEAN  STRCH DAMA T-20', 18, 3, '', 6, 1, 0.00, '2023-09-25 15:24:58', NULL);
INSERT INTO `producto` VALUES (70, 'UT-04-02-55', 'PANTALON JEAN STRECH DAMA T-22', 18, 3, NULL, 4, 1, 0.00, '2023-09-25 15:24:58', '2023-11-06 12:00:00');
INSERT INTO `producto` VALUES (71, 'UT-06-01-40', 'FRANELA GRIS OSCURO TALLA \"S\"', 13, 3, '', 17, 1, 0.00, '2023-09-25 15:24:58', NULL);
INSERT INTO `producto` VALUES (72, 'UT-03-05-01', 'FRANELA GRIS OSCURO TALLA M', 13, 3, NULL, 11, 1, 0.00, '2023-09-25 15:24:58', '2023-11-06 11:53:58');
INSERT INTO `producto` VALUES (73, 'UT-06-02-40', 'FRANELA GRIS OSCURO TALLA \"L\"', 13, 3, NULL, 0, 1, 0.00, '2023-09-25 15:24:58', '2023-11-06 11:54:25');
INSERT INTO `producto` VALUES (74, 'UT-02-08-18', 'FRANELA GRIS OSCURO XL', 13, 3, NULL, 11, 1, 0.00, '2023-09-25 15:24:58', '2023-11-06 11:53:38');
INSERT INTO `producto` VALUES (75, 'UT-06-03-01', 'CHEMISE GRIS CABALLERO TALLA \"M\"', 9, 3, NULL, 5, 1, 0.00, '2023-09-25 15:24:58', '2023-11-06 11:55:04');
INSERT INTO `producto` VALUES (76, 'UT-06-03-02', 'CHEMISE  GRIS CABALLERO TALLA \"L\"', 9, 3, NULL, 4, 1, 0.00, '2023-09-25 15:24:58', '2023-11-06 11:55:17');
INSERT INTO `producto` VALUES (77, 'UT-06-03-03', 'CHEMISE GRIS CABALLERO TALLA \"XL\"', 9, 3, '', 8, 1, 0.00, '2023-09-25 15:24:58', NULL);
INSERT INTO `producto` VALUES (78, 'UT-06-03-04', 'CHEMISE  GRIS CABALLERO TALLA \"S\"', 9, 3, NULL, 2, 1, 0.00, '2023-09-25 15:24:58', '2023-12-12 14:09:52');
INSERT INTO `producto` VALUES (79, 'UT-06-03-05', 'CHEMISE  GRIS CABALLERO TALLA \"XXL\"', 9, 3, '', 2, 1, 0.00, '2023-09-25 15:24:58', NULL);
INSERT INTO `producto` VALUES (80, 'UT-06-03-06', 'CHEMISE GRIS DAMA TALLA S', 9, 3, '', 9, 1, 0.00, '2023-09-25 15:24:58', NULL);
INSERT INTO `producto` VALUES (81, 'UT-06-03-07', 'CHEMISE GRIS DAMA TALLA M', 9, 3, NULL, 6, 1, 0.00, '2023-09-25 15:24:58', '2023-11-06 11:55:54');
INSERT INTO `producto` VALUES (82, 'UT-06-03-08', 'CHEMISE GRIS DAMA TALLA L', 9, 3, NULL, 2, 1, 0.00, '2023-09-25 15:24:58', '2023-11-06 11:56:06');
INSERT INTO `producto` VALUES (83, 'UT-06-03-09', 'CHEMISE GRIS DAMA TALLA XL', 9, 3, NULL, 2, 1, 0.00, '2023-09-25 15:24:58', '2023-11-06 11:56:14');
INSERT INTO `producto` VALUES (84, 'UT-06-04-03', 'CHEMISE AZUL MARINO CABALLERO TALLA M', 9, 3, NULL, 3, 1, 0.00, '2023-09-25 15:24:58', '2023-11-06 11:56:37');
INSERT INTO `producto` VALUES (85, 'UT-06-04-01', 'CHEMISE AZUL MARINO CABALLERO TALLA \"L\"', 9, 3, NULL, 3, 1, 0.00, '2023-09-25 15:24:58', '2023-11-06 11:56:48');
INSERT INTO `producto` VALUES (86, 'UT-06-04-02', 'CHEMISE AZUL MARINO CABALLERO TALLA \"XL\"', 9, 3, '', 3, 1, 0.00, '2023-09-25 15:24:58', NULL);
INSERT INTO `producto` VALUES (87, 'IS-08-05-01', 'GUANTES DE NITRILO AZUL DESECHABLE TALLA XL MARCA SYNGUARD', 14, 4, NULL, 627, 1, 0.00, '2023-09-25 15:24:58', '2023-12-13 07:59:59');
INSERT INTO `producto` VALUES (88, 'As-01-01-02', 'PAPEL HIGIENICO', 15, 4, NULL, 150, 1, 0.00, '2023-09-25 15:24:58', '2023-11-07 09:01:24');
INSERT INTO `producto` VALUES (89, 'As-01-01-01', 'JABON DE TOCADOR', 15, 4, NULL, 470, 1, 0.00, '2023-09-25 15:24:58', '2023-11-07 09:01:41');
INSERT INTO `producto` VALUES (90, 'GEN', 'PAÑO ', 15, 4, '', 42, 1, 0.00, '2023-09-25 15:24:58', NULL);
INSERT INTO `producto` VALUES (91, 'UT-02-03-38', 'CHAQUETA TALLA L', 8, 4, '', 1, 1, 0.00, '2023-09-25 15:24:58', NULL);
INSERT INTO `producto` VALUES (92, 'UT-04-02-53', 'PANTALON JEAN T-24 STRECH DAMA', 18, 4, NULL, 0, 1, 0.00, '2023-09-25 15:24:58', '2023-11-06 12:00:21');
INSERT INTO `producto` VALUES (93, 'UT-03-01-03', 'CHEMISSE AZUL MARINO CABALLERO TALLA \"S\"', 9, 4, '', 4, 1, 0.00, '2023-09-25 15:24:58', NULL);
INSERT INTO `producto` VALUES (94, 'IS-06-01-05', 'RESPIRADOR CARA COMPLETA ULTRA TWINMFA', 20, 3, NULL, 2, 1, 0.00, '2023-11-06 11:44:34', '2023-11-06 11:45:09');
INSERT INTO `producto` VALUES (95, 'HH-96-10-02', 'VASOS', 15, 4, NULL, 20, 1, 0.00, '2023-11-07 08:54:54', '2024-02-09 07:52:14');
INSERT INTO `producto` VALUES (96, 'As-07-03-02', 'TOALLA', 15, 4, NULL, 8, 1, 0.00, '2023-11-07 09:02:28', '2023-11-07 09:02:28');
INSERT INTO `producto` VALUES (97, 'As-11-01-01 ', 'GUANTES DE GOMA DE LIMPIEZA ', 14, 1, NULL, 4, 1, 0.00, '2023-11-08 10:35:08', '2023-11-08 10:35:08');

-- ----------------------------
-- Table structure for recurso
-- ----------------------------
DROP TABLE IF EXISTS `recurso`;
CREATE TABLE `recurso`  (
  `id` int NOT NULL AUTO_INCREMENT COMMENT 'Identificador del recurso',
  `modulo` varchar(45) CHARACTER SET utf8mb3 COLLATE utf8mb3_general_ci NULL DEFAULT NULL COMMENT 'Nombre del m?dulo',
  `controlador` varchar(45) CHARACTER SET utf8mb3 COLLATE utf8mb3_general_ci NULL DEFAULT NULL COMMENT 'Nombre del controlador',
  `accion` varchar(45) CHARACTER SET utf8mb3 COLLATE utf8mb3_general_ci NULL DEFAULT NULL COMMENT 'Nombre de la acci',
  `recurso` varchar(100) CHARACTER SET utf8mb3 COLLATE utf8mb3_general_ci NULL DEFAULT NULL COMMENT 'Nombre del recurso',
  `descripcion` text CHARACTER SET utf8mb3 COLLATE utf8mb3_general_ci NOT NULL COMMENT 'Descripci?n del recurso',
  `activo` int NOT NULL DEFAULT 1 COMMENT 'Estado del recurso',
  `custom` int NULL DEFAULT 1,
  `created_at` timestamp NULL DEFAULT CURRENT_TIMESTAMP COMMENT 'Fecha de registro',
  `updated_at` timestamp NULL DEFAULT NULL ON UPDATE CURRENT_TIMESTAMP COMMENT 'Fecha de actualizacion',
  PRIMARY KEY (`id`) USING BTREE
) ENGINE = InnoDB AUTO_INCREMENT = 16 CHARACTER SET = utf8mb3 COLLATE = utf8mb3_general_ci COMMENT = 'Tabla que contiene los recursos a los que acceden los usuario' ROW_FORMAT = DYNAMIC;

-- ----------------------------
-- Records of recurso
-- ----------------------------
INSERT INTO `recurso` VALUES (1, '*', 'NULL', 'NULL', '*', 'Comodín para la administración total (usar con cuidado).', 1, 0, '2014-01-01 00:00:01', '2024-08-10 17:44:13');
INSERT INTO `recurso` VALUES (2, 'dashboard', '*', '*', 'dashboard/*/*', 'Página principal del sistema.', 1, 0, '2014-01-01 00:00:01', NULL);
INSERT INTO `recurso` VALUES (3, 'sistema', 'mi_cuenta', '*', 'sistema/mi_cuenta/*', 'Gestión de la cuenta del usuario logueado.', 1, 0, '2014-01-01 00:00:01', NULL);
INSERT INTO `recurso` VALUES (4, 'sistema', 'accesos', '*', 'sistema/accesos/*', 'Submódulo para la gestión de ingresos al sistema.', 1, 0, '2014-01-01 00:00:01', NULL);
INSERT INTO `recurso` VALUES (5, 'sistema', 'auditorias', '*', 'sistema/auditorias/*', 'Submódulo para el control de las acciones de los usuario.', 1, 0, '2014-01-01 00:00:01', NULL);
INSERT INTO `recurso` VALUES (6, 'sistema', 'backups', '*', 'sistema/backups/*', 'Submódulo para la gestión de las copias de seguridad.', 1, 0, '2014-01-01 00:00:01', NULL);
INSERT INTO `recurso` VALUES (7, 'sistema', 'mantenimiento', '*', 'sistema/mantenimiento/*', 'Submódulo para el mantenimiento de las tablas.', 1, 0, '2014-01-01 00:00:01', NULL);
INSERT INTO `recurso` VALUES (8, 'sistema', 'menus', '*', 'sistema/menus/*', 'Submódulo del sistema para la creación de menús.', 1, 0, '2014-01-01 00:00:01', NULL);
INSERT INTO `recurso` VALUES (9, 'sistema', 'perfiles', '*', 'sistema/perfiles/*', 'Submódulo del sistema para los perfiles de usuario.', 1, 0, '2014-01-01 00:00:01', NULL);
INSERT INTO `recurso` VALUES (10, 'sistema', 'permisos', '*', 'sistema/permisos/*', 'Submódulo del sistema para asignar recursos a los perfiles.', 1, 0, '2014-01-01 00:00:01', NULL);
INSERT INTO `recurso` VALUES (11, 'sistema', 'recursos', '*', 'sistema/recursos/*', 'Submódulo del sistema para la gestión de los recursos.', 1, 0, '2014-01-01 00:00:01', NULL);
INSERT INTO `recurso` VALUES (12, 'sistema', 'usuarios', '*', 'sistema/usuarios/*', 'Submódulo para la administración de los usuario del sistema.', 1, 0, '2014-01-01 00:00:01', '2024-08-05 18:02:33');
INSERT INTO `recurso` VALUES (13, 'sistema', 'sucesos', '*', 'sistema/sucesos/*', 'Submódulo para el listado de los logs del sistema.', 1, 0, '2014-01-01 00:00:01', NULL);
INSERT INTO `recurso` VALUES (14, 'sistema', 'configuracion', '*', 'sistema/configuracion/*', 'Submódulo para la configuracion de la aplicacion (.ini).', 1, 0, '2014-01-01 00:00:01', NULL);
INSERT INTO `recurso` VALUES (15, 'producto', 'productos', '*', 'admin/productos/*', 'Modulo para la gestión de Productos', 1, 0, '2024-04-28 18:49:35', '2024-04-28 22:48:56');

-- ----------------------------
-- Table structure for recurso_perfil
-- ----------------------------
DROP TABLE IF EXISTS `recurso_perfil`;
CREATE TABLE `recurso_perfil`  (
  `id` int NOT NULL AUTO_INCREMENT,
  `recurso_id` int NOT NULL,
  `perfil_id` int NOT NULL,
  `recurso_perfil_at` datetime NULL DEFAULT NULL,
  `recurso_perfil_in` datetime NULL DEFAULT NULL,
  PRIMARY KEY (`id`) USING BTREE,
  INDEX `fk_recurso_perfil_recurso_idx`(`recurso_id` ASC) USING BTREE,
  INDEX `fk_recurso_perfil_perfil_idx`(`perfil_id` ASC) USING BTREE
) ENGINE = InnoDB AUTO_INCREMENT = 171 CHARACTER SET = utf8mb3 COLLATE = utf8mb3_general_ci COMMENT = 'Tabla que contiene los recursos del usuario en el sistema según su perfl' ROW_FORMAT = DYNAMIC;

-- ----------------------------
-- Records of recurso_perfil
-- ----------------------------
INSERT INTO `recurso_perfil` VALUES (1, 1, 1, '2014-01-01 00:00:01', NULL);
INSERT INTO `recurso_perfil` VALUES (2, 2, 2, '2014-03-31 23:35:39', NULL);
INSERT INTO `recurso_perfil` VALUES (3, 3, 2, '2014-03-31 23:45:17', NULL);
INSERT INTO `recurso_perfil` VALUES (13, 2, 3, '2024-04-28 13:05:29', NULL);
INSERT INTO `recurso_perfil` VALUES (14, 3, 3, '2024-04-28 13:05:29', NULL);
INSERT INTO `recurso_perfil` VALUES (16, 2, 4, '2024-08-11 19:22:53', NULL);
INSERT INTO `recurso_perfil` VALUES (17, 3, 4, '2024-08-11 19:22:53', NULL);
INSERT INTO `recurso_perfil` VALUES (135, 12, 2, '2024-08-11 19:47:15', NULL);
INSERT INTO `recurso_perfil` VALUES (158, 15, 2, '2024-08-11 19:50:40', NULL);
INSERT INTO `recurso_perfil` VALUES (159, 15, 3, '2024-08-11 19:50:40', NULL);
INSERT INTO `recurso_perfil` VALUES (160, 15, 4, '2024-08-11 19:50:40', NULL);
INSERT INTO `recurso_perfil` VALUES (161, 4, 2, '2024-08-11 19:50:40', NULL);
INSERT INTO `recurso_perfil` VALUES (162, 5, 2, '2024-08-11 19:50:40', NULL);
INSERT INTO `recurso_perfil` VALUES (163, 6, 2, '2024-08-11 19:50:40', NULL);
INSERT INTO `recurso_perfil` VALUES (164, 7, 2, '2024-08-11 19:50:40', NULL);
INSERT INTO `recurso_perfil` VALUES (165, 8, 2, '2024-08-11 19:50:40', NULL);
INSERT INTO `recurso_perfil` VALUES (166, 9, 2, '2024-08-11 19:50:40', NULL);
INSERT INTO `recurso_perfil` VALUES (167, 10, 2, '2024-08-11 19:50:40', NULL);
INSERT INTO `recurso_perfil` VALUES (168, 11, 2, '2024-08-11 19:50:40', NULL);
INSERT INTO `recurso_perfil` VALUES (169, 2, 5, '2024-08-31 08:46:32', NULL);
INSERT INTO `recurso_perfil` VALUES (170, 3, 5, '2024-08-31 08:46:32', NULL);

-- ----------------------------
-- Table structure for salida
-- ----------------------------
DROP TABLE IF EXISTS `salida`;
CREATE TABLE `salida`  (
  `id` int NOT NULL AUTO_INCREMENT,
  `usuario_id` int NULL DEFAULT NULL,
  `empleado_id` int NOT NULL,
  `costo_total` decimal(10, 2) NULL DEFAULT 0.00,
  `fecha` date NOT NULL,
  `dolar` decimal(10, 2) NULL DEFAULT 0.00,
  `created_at` timestamp NULL DEFAULT CURRENT_TIMESTAMP,
  `updated_at` timestamp NULL DEFAULT NULL ON UPDATE CURRENT_TIMESTAMP,
  PRIMARY KEY (`id`) USING BTREE,
  INDEX `fk_salida_usuario_idx`(`usuario_id` ASC) USING BTREE,
  INDEX `fk_salida_empleado_idx`(`empleado_id` ASC) USING BTREE,
  CONSTRAINT `fk_salida_empleado` FOREIGN KEY (`empleado_id`) REFERENCES `empleado` (`id`) ON DELETE CASCADE ON UPDATE CASCADE,
  CONSTRAINT `fk_salida_usuario` FOREIGN KEY (`usuario_id`) REFERENCES `usuario` (`id`) ON DELETE CASCADE ON UPDATE CASCADE
) ENGINE = InnoDB AUTO_INCREMENT = 1 CHARACTER SET = utf8mb4 COLLATE = utf8mb4_unicode_ci ROW_FORMAT = DYNAMIC;

-- ----------------------------
-- Records of salida
-- ----------------------------

-- ----------------------------
-- Table structure for salida_detalle
-- ----------------------------
DROP TABLE IF EXISTS `salida_detalle`;
CREATE TABLE `salida_detalle`  (
  `id` int NOT NULL AUTO_INCREMENT,
  `salida_id` int NOT NULL,
  `producto_id` int NOT NULL,
  `talla` varchar(255) CHARACTER SET utf8mb4 COLLATE utf8mb4_unicode_ci NULL DEFAULT 'N/A',
  `cantidad` int NOT NULL,
  `motivo` varchar(1) CHARACTER SET utf8mb4 COLLATE utf8mb4_unicode_ci NOT NULL DEFAULT 'D',
  `costo` decimal(10, 2) NULL DEFAULT 0.00,
  `created_at` timestamp NULL DEFAULT CURRENT_TIMESTAMP,
  `updated_at` timestamp NULL DEFAULT NULL ON UPDATE CURRENT_TIMESTAMP,
  PRIMARY KEY (`id`) USING BTREE,
  INDEX `fk_salida_detalle_salida_idx`(`salida_id` ASC) USING BTREE,
  INDEX `fk_salida_producto_idx`(`producto_id` ASC) USING BTREE,
  CONSTRAINT `fk_salida_detalle_salida` FOREIGN KEY (`salida_id`) REFERENCES `salida` (`id`) ON DELETE CASCADE ON UPDATE CASCADE,
  CONSTRAINT `fk_salida_producto` FOREIGN KEY (`producto_id`) REFERENCES `producto` (`id`) ON DELETE CASCADE ON UPDATE CASCADE
) ENGINE = InnoDB AUTO_INCREMENT = 1 CHARACTER SET = utf8mb4 COLLATE = utf8mb4_unicode_ci ROW_FORMAT = DYNAMIC;

-- ----------------------------
-- Records of salida_detalle
-- ----------------------------

-- ----------------------------
-- Table structure for unidad
-- ----------------------------
DROP TABLE IF EXISTS `unidad`;
CREATE TABLE `unidad`  (
  `id` int NOT NULL AUTO_INCREMENT,
  `nombre` varchar(255) CHARACTER SET utf8mb4 COLLATE utf8mb4_unicode_ci NOT NULL,
  `created_at` timestamp NULL DEFAULT CURRENT_TIMESTAMP,
  `updated_at` timestamp NULL DEFAULT NULL ON UPDATE CURRENT_TIMESTAMP,
  PRIMARY KEY (`id`) USING BTREE
) ENGINE = InnoDB AUTO_INCREMENT = 5 CHARACTER SET = utf8mb4 COLLATE = utf8mb4_unicode_ci ROW_FORMAT = DYNAMIC;

-- ----------------------------
-- Records of unidad
-- ----------------------------
INSERT INTO `unidad` VALUES (1, 'PAR', NULL, NULL);
INSERT INTO `unidad` VALUES (2, 'PQT', NULL, NULL);
INSERT INTO `unidad` VALUES (3, 'PZA', NULL, NULL);
INSERT INTO `unidad` VALUES (4, 'UND', NULL, NULL);

-- ----------------------------
-- Table structure for usuario
-- ----------------------------
DROP TABLE IF EXISTS `usuario`;
CREATE TABLE `usuario`  (
  `id` int NOT NULL AUTO_INCREMENT,
  `nombre` varchar(100) CHARACTER SET utf8mb3 COLLATE utf8mb3_general_ci NULL DEFAULT NULL COMMENT 'Nombre del Usuario',
  `apellido` varchar(70) CHARACTER SET utf8mb3 COLLATE utf8mb3_general_ci NOT NULL COMMENT 'Apellido del usuario',
  `login` varchar(40) CHARACTER SET utf8mb3 COLLATE utf8mb3_general_ci NOT NULL COMMENT 'Usuario',
  `password` varchar(255) CHARACTER SET utf8mb3 COLLATE utf8mb3_general_ci NOT NULL COMMENT 'Contraseña de acceso',
  `email` varchar(255) CHARACTER SET utf8mb3 COLLATE utf8mb3_general_ci NOT NULL COMMENT 'Dirección del correo electónico',
  `perfil_id` int NOT NULL DEFAULT 3 COMMENT 'Identificador del perfil',
  `fotografia` varchar(255) CHARACTER SET utf8mb3 COLLATE utf8mb3_general_ci NULL DEFAULT 'default.png' COMMENT 'Foto del Usuario',
  `tema` varchar(45) CHARACTER SET utf8mb3 COLLATE utf8mb3_general_ci NULL DEFAULT 'default' COMMENT 'Tema aplicable para la interfaz',
  `app_ajax` int NULL DEFAULT 1 COMMENT 'Indica si la app se trabaja con ajax o peticiones normales',
  `datagrid` int NULL DEFAULT 30 COMMENT 'Datos por página en los datagrid',
  `pool` varchar(45) CHARACTER SET utf8mb3 COLLATE utf8mb3_general_ci NULL DEFAULT NULL,
  `estado` int NOT NULL DEFAULT 1 COMMENT 'Indica si el usuario esta activo o inactivo',
  `created_at` timestamp NULL DEFAULT CURRENT_TIMESTAMP COMMENT 'Fecha de registro',
  `updated_at` timestamp NULL DEFAULT NULL ON UPDATE CURRENT_TIMESTAMP COMMENT 'Fecha de la última modificación',
  PRIMARY KEY (`id`) USING BTREE,
  UNIQUE INDEX `usuario_email_UNIQUE`(`email` ASC) USING BTREE,
  UNIQUE INDEX `usuario_usuario_UNIQUE`(`login` ASC) USING BTREE,
  INDEX `fk_usuario_perfil_idx`(`perfil_id` ASC) USING BTREE,
  CONSTRAINT `fk_usuario_perfil` FOREIGN KEY (`perfil_id`) REFERENCES `perfil` (`id`) ON DELETE RESTRICT ON UPDATE CASCADE
) ENGINE = InnoDB AUTO_INCREMENT = 3 CHARACTER SET = utf8mb3 COLLATE = utf8mb3_general_ci ROW_FORMAT = DYNAMIC;

-- ----------------------------
-- Records of usuario
-- ----------------------------
INSERT INTO `usuario` VALUES (1, 'Programador', 'del Sistema', 'programador', '5b5b2b169c2618291e1a025af3792447180f7f95', 'programador@gmail.com', 1, 'default.png', 'default', 1, 30, NULL, 1, '2024-04-01 12:14:18', '2024-08-07 21:21:58');
INSERT INTO `usuario` VALUES (2, 'Administrador', 'del Sistema', 'admin', '7c4a8d09ca3762af61e59520943dc26494f8941b', 'admin@gmail.com', 2, 'default.png', 'default', 1, 30, NULL, 1, '2024-04-01 12:14:18', '2024-08-07 21:58:46');

SET FOREIGN_KEY_CHECKS = 1;
